count,from,to,timeframe,start,end
1,gonzalezzelada,lienadraguajes,1,2020-06-17 10:21:41,2020-06-17 11:25:21
2,musicaenvena73,celesmonaco,2,2020-06-17 10:21:50,2020-06-17 11:25:21
3,sebaibarra1983,luislacallepou,3,2020-06-17 10:21:59,2020-06-17 11:25:21
4,sebaibarra1983,jorgewlarranaga,3,2020-06-17 10:21:59,2020-06-17 11:25:21
5,josgk1,partidolibertch,4,2020-06-17 10:22:09,2020-06-17 11:25:21
6,gtpintado,datauy,5,2020-06-17 10:22:22,2020-06-17 11:25:21
7,gtpintado,projectpoder,5,2020-06-17 10:22:22,2020-06-17 11:25:21
8,gtpintado,ladiaria,5,2020-06-17 10:22:22,2020-06-17 11:25:21
9,yorgig13,invictossomos,6,2020-06-17 10:23:07,2020-06-17 11:25:21
10,yorgig13,hirvinglozano70,6,2020-06-17 10:23:07,2020-06-17 11:25:21
11,yorgig13,elanonimo69,6,2020-06-17 10:23:07,2020-06-17 11:25:21
12,yorgig13,nicobarte16,6,2020-06-17 10:23:07,2020-06-17 11:25:21
13,sucastro33,abc_es,7,2020-06-17 10:23:15,2020-06-17 11:25:21
14,kizmeyoufool,larrysep28,8,2020-06-17 10:23:24,2020-06-17 11:25:21
15,audeasomnia,danielgavrilov,9,2020-06-17 10:23:29,2020-06-17 11:25:21
16,audeasomnia,maxcroser,9,2020-06-17 10:23:29,2020-06-17 11:25:21
17,ieem_um,ieem_um,10,2020-06-17 10:23:30,2020-06-17 11:25:21
18,ieem_um,camindus,10,2020-06-17 10:23:30,2020-06-17 11:25:21
19,calulo,faouruguay,11,2020-06-17 10:23:36,2020-06-17 11:25:21
20,calulo,faoamericas,11,2020-06-17 10:23:36,2020-06-17 11:25:21
21,calulo,rubenfloresec,11,2020-06-17 10:23:36,2020-06-17 11:25:21
22,lienadraguajes,gonzalezzelada,12,2020-06-17 10:23:45,2020-06-17 11:25:21
23,fepalonline,psicoanalisisme,13,2020-06-17 10:23:56,2020-06-17 11:25:21
24,fepalonline,sfreudiana_mx,13,2020-06-17 10:23:56,2020-06-17 11:25:21
25,fepalonline,spmteinforma,13,2020-06-17 10:23:56,2020-06-17 11:25:21
26,fepalonline,apu_uruguay,13,2020-06-17 10:23:56,2020-06-17 11:25:21
27,fepalonline,sppaoficial,13,2020-06-17 10:23:56,2020-06-17 11:25:21
28,fepalonline,psicl,13,2020-06-17 10:23:56,2020-06-17 11:25:21
29,fepalonline,estudiarpsi,13,2020-06-17 10:23:56,2020-06-17 11:25:21
30,fepalonline,socolpsi,13,2020-06-17 10:23:56,2020-06-17 11:25:21
31,fepalonline,apasocial,13,2020-06-17 10:23:56,2020-06-17 11:25:21
32,3904lista,landoni_pablo,14,2020-06-17 10:23:59,2020-06-17 11:25:21
33,3904lista,robertsilva1971,14,2020-06-17 10:23:59,2020-06-17 11:25:21
34,3904lista,mec_uruguay,14,2020-06-17 10:23:59,2020-06-17 11:25:21
35,3904lista,mwainstein_uy,14,2020-06-17 10:23:59,2020-06-17 11:25:21
36,3904lista,pdasilve,14,2020-06-17 10:23:59,2020-06-17 11:25:21
37,3904lista,baronigonzalo,14,2020-06-17 10:23:59,2020-06-17 11:25:21
38,agustinnn1899,bersani1899,15,2020-06-17 10:24:08,2020-06-17 11:25:21
39,carlagastal,ladiaria,16,2020-06-17 10:24:13,2020-06-17 11:25:21
40,pauhofer,ch_vizcarra,17,2020-06-17 10:24:14,2020-06-17 11:25:21
41,oswald_r1917,sajhle,18,2020-06-17 10:24:21,2020-06-17 11:25:21
42,oswald_r1917,javieradaime,18,2020-06-17 10:24:21,2020-06-17 11:25:21
43,oswald_r1917,petrogustavo,18,2020-06-17 10:24:21,2020-06-17 11:25:21
44,oswald_r1917,alvarouribevel,18,2020-06-17 10:24:21,2020-06-17 11:25:21
45,johmtinieblas,noticiascaracol,19,2020-06-17 10:24:32,2020-06-17 11:25:21
46,edijavifer,pamealvez06,20,2020-06-17 10:24:38,2020-06-17 11:25:21
47,mavillamzar,noticiascaracol,21,2020-06-17 10:24:50,2020-06-17 11:25:21
48,pablollimag,estoesporplata,22,2020-06-17 10:25:10,2020-06-17 11:25:21
49,pablollimag,telemundouy,22,2020-06-17 10:25:10,2020-06-17 11:25:21
50,monchocorte,juanmalauria,23,2020-06-17 10:25:22,2020-06-17 11:25:21
51,monchocorte,ianai26,23,2020-06-17 10:25:22,2020-06-17 11:25:21
52,lidiazenarruza,crazydogui666,24,2020-06-17 10:25:24,2020-06-17 11:25:21
53,draambrosio,elcortofacio,25,2020-06-17 10:25:28,2020-06-17 11:25:21
54,calulo,vicenteplatafao,26,2020-06-17 10:25:31,2020-06-17 11:25:21
55,calulo,faouruguay,26,2020-06-17 10:25:31,2020-06-17 11:25:21
56,earganaraz02,zeolla_,27,2020-06-17 10:26:18,2020-06-17 11:25:21
57,earganaraz02,pauljuliian,27,2020-06-17 10:26:18,2020-06-17 11:25:21
58,turxomarquez,disidenciasred,28,2020-06-17 10:26:27,2020-06-17 11:25:21
59,turxomarquez,colmedchile,28,2020-06-17 10:26:27,2020-06-17 11:25:21
60,gerardocesar2,ramiromarra,29,2020-06-17 10:26:28,2020-06-17 11:25:21
61,ml_ayuda,ml_uruguay,30,2020-06-17 10:26:44,2020-06-17 11:25:21
62,ml_ayuda,cheediario,30,2020-06-17 10:26:44,2020-06-17 11:25:21
63,sebas_silvetti,bumpercrop1,31,2020-06-17 10:26:53,2020-06-17 11:25:21
64,sebas_silvetti,pauvescovo,31,2020-06-17 10:26:53,2020-06-17 11:25:21
65,dabyanvargas,noticiascaracol,32,2020-06-17 10:26:56,2020-06-17 11:25:21
66,rafaeltt591,portalmvd,33,2020-06-17 10:27:04,2020-06-17 11:25:21
67,rafaeltt591,andymar48237034,33,2020-06-17 10:27:04,2020-06-17 11:25:21
68,pabloalfano,christiancary8,34,2020-06-17 10:27:06,2020-06-17 11:25:21
69,pabloalfano,latriplenelson,34,2020-06-17 10:27:06,2020-06-17 11:25:21
70,pabloalfano,saladelmuseo,34,2020-06-17 10:27:06,2020-06-17 11:25:21
71,leofresco2,juanpedro1950,35,2020-06-17 10:27:28,2020-06-17 11:25:21
72,leofresco2,javi75k,35,2020-06-17 10:27:28,2020-06-17 11:25:21
73,blade2061,eeisabella,36,2020-06-17 10:27:29,2020-06-17 11:25:21
74,blade2061,fabianavicari,36,2020-06-17 10:27:29,2020-06-17 11:25:21
75,blade2061,blade2061,36,2020-06-17 10:27:29,2020-06-17 11:25:21
76,irenehmario,miguechagas,37,2020-06-17 10:27:36,2020-06-17 11:25:21
77,doublec37416615,ml_ayuda,38,2020-06-17 10:27:40,2020-06-17 11:25:21
78,doublec37416615,ml_uruguay,38,2020-06-17 10:27:40,2020-06-17 11:25:21
79,doublec37416615,cheediario,38,2020-06-17 10:27:40,2020-06-17 11:25:21
80,pabloalfano,iibce,39,2020-06-17 10:28:24,2020-06-17 11:25:21
81,pabloalfano,udelaruy,39,2020-06-17 10:28:24,2020-06-17 11:25:21
82,pabloalfano,luiscus,40,2020-06-17 10:28:30,2020-06-17 11:25:21
83,pabloalfano,luislacallepou,41,2020-06-17 10:28:33,2020-06-17 11:25:21
84,pabloalfano,oecd,42,2020-06-17 10:28:34,2020-06-17 11:25:21
85,romanceinline,jay21kj,43,2020-06-17 10:28:39,2020-06-17 11:25:21
86,romanceinline,akirangei,43,2020-06-17 10:28:39,2020-06-17 11:25:21
87,romanceinline,thomastopo3,43,2020-06-17 10:28:39,2020-06-17 11:25:21
88,swaggiesire,colmedchile,44,2020-06-17 10:28:43,2020-06-17 11:25:21
89,swaggiesire,disidenciasred,44,2020-06-17 10:28:43,2020-06-17 11:25:21
90,caviarprogre,carrous_el,45,2020-06-17 10:28:45,2020-06-17 11:25:21
91,caviarprogre,gonzalo04623512,45,2020-06-17 10:28:45,2020-06-17 11:25:21
92,caviarprogre,gcangiano,45,2020-06-17 10:28:45,2020-06-17 11:25:21
93,matias_ccarp,fabiandecesare,46,2020-06-17 10:28:47,2020-06-17 11:25:21
94,mateoru64,_luucassss_,47,2020-06-17 10:28:57,2020-06-17 11:25:21
95,mateoru64,kellin09263535,47,2020-06-17 10:28:57,2020-06-17 11:25:21
96,mateoru64,lucasfsismondi,47,2020-06-17 10:28:57,2020-06-17 11:25:21
97,mateoru64,xxjuanixx1,47,2020-06-17 10:28:57,2020-06-17 11:25:21
98,luci9711,martintetaz,48,2020-06-17 10:28:59,2020-06-17 11:25:21
99,luci9711,alejobongio,48,2020-06-17 10:28:59,2020-06-17 11:25:21
100,lienadraguajes,gonzalezzelada,49,2020-06-17 10:29:06,2020-06-17 11:25:21
101,gauchozen,omarpaganini,50,2020-06-17 10:29:19,2020-06-17 11:25:21
102,gauchozen,luislacallepou,50,2020-06-17 10:29:19,2020-06-17 11:25:21
103,sienrajavier,geratapie,51,2020-06-17 10:29:28,2020-06-17 11:25:21
104,73f7f604eb5e4da,gustavo85038022,52,2020-06-17 10:29:36,2020-06-17 11:25:21
105,73f7f604eb5e4da,cuervomfgarcia,52,2020-06-17 10:29:36,2020-06-17 11:25:21
106,73f7f604eb5e4da,contra_mentiras,52,2020-06-17 10:29:36,2020-06-17 11:25:21
107,73f7f604eb5e4da,coemartinok,52,2020-06-17 10:29:36,2020-06-17 11:25:21
108,73f7f604eb5e4da,majulluis,52,2020-06-17 10:29:36,2020-06-17 11:25:21
109,73f7f604eb5e4da,cuervomano,52,2020-06-17 10:29:36,2020-06-17 11:25:21
110,73f7f604eb5e4da,cabezonfortuny,52,2020-06-17 10:29:36,2020-06-17 11:25:21
111,mendozafranco_,_tomiyossen,53,2020-06-17 10:29:37,2020-06-17 11:25:21
112,rolomagia,fedecas,54,2020-06-17 10:29:44,2020-06-17 11:25:21
113,japrilperfect,sweetlyubov,55,2020-06-17 10:30:07,2020-06-17 11:25:21
114,humbertomexico,juanfractal22,56,2020-06-17 10:30:31,2020-06-17 11:25:21
115,santigvence,ffffedu,57,2020-06-17 10:30:40,2020-06-17 11:25:21
116,toromeccss,martinvizcarrac,58,2020-06-17 10:30:43,2020-06-17 11:25:21
117,toromeccss,giancarlorondon,58,2020-06-17 10:30:43,2020-06-17 11:25:21
118,juanpermuy90,projectpoder,59,2020-06-17 10:30:44,2020-06-17 11:25:21
119,juanpermuy90,ladiaria,59,2020-06-17 10:30:44,2020-06-17 11:25:21
120,juanpermuy90,datauy,59,2020-06-17 10:30:44,2020-06-17 11:25:21
121,faouruguay,faouruguay,60,2020-06-17 10:30:51,2020-06-17 11:25:21
122,faouruguay,opsomsuruguay,60,2020-06-17 10:30:51,2020-06-17 11:25:21
123,faouruguay,mef_uruguay,60,2020-06-17 10:30:51,2020-06-17 11:25:21
124,faouruguay,unicefuruguay,60,2020-06-17 10:30:51,2020-06-17 11:25:21
125,faouruguay,onu_es,60,2020-06-17 10:30:51,2020-06-17 11:25:21
126,faouruguay,mrree_uruguay,60,2020-06-17 10:30:51,2020-06-17 11:25:21
127,faouruguay,defcea,60,2020-06-17 10:30:51,2020-06-17 11:25:21
128,coco14294032,ctaok,61,2020-06-17 10:30:59,2020-06-17 11:25:21
129,coco14294032,solesantellan,61,2020-06-17 10:30:59,2020-06-17 11:25:21
130,coco14294032,dierramirez,61,2020-06-17 10:30:59,2020-06-17 11:25:21
131,coco14294032,nachocampora,61,2020-06-17 10:30:59,2020-06-17 11:25:21
132,coco14294032,atecapitalok,61,2020-06-17 10:30:59,2020-06-17 11:25:21
133,coco14294032,danielcatalano_,61,2020-06-17 10:30:59,2020-06-17 11:25:21
134,coco14294032,clarisaspataro,61,2020-06-17 10:30:59,2020-06-17 11:25:21
135,coco14294032,vhugobellon,61,2020-06-17 10:30:59,2020-06-17 11:25:21
136,coco14294032,fsmarg,61,2020-06-17 10:30:59,2020-06-17 11:25:21
137,coco14294032,aguspanissa,61,2020-06-17 10:30:59,2020-06-17 11:25:21
138,coco14294032,manucho38,61,2020-06-17 10:30:59,2020-06-17 11:25:21
139,syleona,dw_espanol,62,2020-06-17 10:31:00,2020-06-17 11:25:21
140,jjimeneza1972,ballackmatias,63,2020-06-17 10:31:38,2020-06-17 11:25:21
141,jjimeneza1972,miguelpvega89,63,2020-06-17 10:31:38,2020-06-17 11:25:21
142,raul1marquez,alejancamino,64,2020-06-17 10:31:39,2020-06-17 11:25:21
143,bravowittig,colmedchile,65,2020-06-17 10:31:41,2020-06-17 11:25:21
144,just_mealo,alferdez,65,2020-06-17 10:31:41,2020-06-17 11:25:21
145,just_mealo,losangeles_ok,65,2020-06-17 10:31:41,2020-06-17 11:25:21
146,bravowittig,disidenciasred,65,2020-06-17 10:31:41,2020-06-17 11:25:21
147,jorgemet,maxialvarezuy,66,2020-06-17 10:31:43,2020-06-17 11:25:21
148,fabian8903,noticiascaracol,67,2020-06-17 10:31:55,2020-06-17 11:25:21
149,jdmillan10,noticiascaracol,68,2020-06-17 10:31:56,2020-06-17 11:25:21
150,marurosello,anep_uruguay,69,2020-06-17 10:32:01,2020-06-17 11:25:21
151,marurosello,robertsilva1971,69,2020-06-17 10:32:01,2020-06-17 11:25:21
152,benjatorres0310,noticiascaracol,70,2020-06-17 10:32:18,2020-06-17 11:25:21
153,na_neira,noticiascaracol,71,2020-06-17 10:32:24,2020-06-17 11:25:21
154,rosana67685127,ml_uruguay,72,2020-06-17 10:32:48,2020-06-17 11:25:21
155,meme_sole,leagrille,73,2020-06-17 10:33:31,2020-06-17 11:25:21
156,meme_sole,jtrostchansky,73,2020-06-17 10:33:31,2020-06-17 11:25:21
157,meme_sole,sciutodr,73,2020-06-17 10:33:31,2020-06-17 11:25:21
158,gfm3012,luboadusto,74,2020-06-17 10:33:33,2020-06-17 11:25:21
159,alejandrovaldez,gimenafuertes,75,2020-06-17 10:33:39,2020-06-17 11:25:21
160,abucristi,tinchonegriazul,76,2020-06-17 10:33:51,2020-06-17 11:25:21
161,abucristi,hinchas_uruguay,76,2020-06-17 10:33:51,2020-06-17 11:25:21
162,_starsdust_,ankariisme,77,2020-06-17 10:34:05,2020-06-17 11:25:21
163,elsantisoto,fotmerlife,78,2020-06-17 10:34:06,2020-06-17 11:25:21
164,elsantisoto,silverpeak,78,2020-06-17 10:34:06,2020-06-17 11:25:21
165,alexaldazaba,galatasaray,79,2020-06-17 10:34:12,2020-06-17 11:25:21
166,alexaldazaba,lafc,79,2020-06-17 10:34:12,2020-06-17 11:25:21
167,uruguay_jade,regrann,80,2020-06-17 10:34:13,2020-06-17 11:25:21
168,uruguay_jade,pabloalboran,80,2020-06-17 10:34:13,2020-06-17 11:25:21
169,uruguay_jade,uruguay_jade,80,2020-06-17 10:34:13,2020-06-17 11:25:21
170,jeacueto,martinvizcarrac,81,2020-06-17 10:34:14,2020-06-17 11:25:21
171,melnu29,s,82,2020-06-17 10:34:16,2020-06-17 11:25:21
172,melnu29,pabloalboran,82,2020-06-17 10:34:16,2020-06-17 11:25:21
173,melnu29,uruguay_jade,82,2020-06-17 10:34:16,2020-06-17 11:25:21
174,mbidart2911,robertsilva1971,83,2020-06-17 10:34:23,2020-06-17 11:25:21
175,mbidart2911,anep_uruguay,83,2020-06-17 10:34:23,2020-06-17 11:25:21
176,uruguay_jade,pabloalboran,84,2020-06-17 10:34:29,2020-06-17 11:25:21
177,false_imposter,fran27659501,84,2020-06-17 10:34:29,2020-06-17 11:25:21
178,false_imposter,carlos30333379,84,2020-06-17 10:34:29,2020-06-17 11:25:21
179,uruguay_jade,s,84,2020-06-17 10:34:29,2020-06-17 11:25:21
180,uruguay_jade,uruguay_jade,84,2020-06-17 10:34:29,2020-06-17 11:25:21
181,false_imposter,infobae,84,2020-06-17 10:34:29,2020-06-17 11:25:21
182,pepiscine,lupitarosa2012,85,2020-06-17 10:35:18,2020-06-17 11:25:21
183,mariainesnueza2,qm_c9,85,2020-06-17 10:35:18,2020-06-17 11:25:21
184,pepiscine,mrree_uruguay,85,2020-06-17 10:35:18,2020-06-17 11:25:21
185,pepiscine,carolinaache,85,2020-06-17 10:35:18,2020-06-17 11:25:21
186,pepiscine,ceciliatapia,85,2020-06-17 10:35:18,2020-06-17 11:25:21
187,castronovokoch,crlitvin,86,2020-06-17 10:35:19,2020-06-17 11:25:21
188,castronovokoch,u24noticias,86,2020-06-17 10:35:19,2020-06-17 11:25:21
189,soleruruguay,qm_c9,87,2020-06-17 10:35:20,2020-06-17 11:25:21
190,pablo20712044,oli_uruguaya,88,2020-06-17 10:35:33,2020-06-17 11:25:21
191,diegohema10,ernesto_talvi,89,2020-06-17 10:35:43,2020-06-17 11:25:21
192,rosana67685127,ml_uruguay,90,2020-06-17 10:35:55,2020-06-17 11:25:21
193,javi75k,leofresco2,91,2020-06-17 10:36:00,2020-06-17 11:25:21
194,andybodfish,minuto78,91,2020-06-17 10:36:00,2020-06-17 11:25:21
195,andybodfish,ftblsm,91,2020-06-17 10:36:00,2020-06-17 11:25:21
196,andybodfish,mondocalciomag,91,2020-06-17 10:36:00,2020-06-17 11:25:21
197,andybodfish,uruguay,91,2020-06-17 10:36:00,2020-06-17 11:25:21
198,andybodfish,leleadani,91,2020-06-17 10:36:00,2020-06-17 11:25:21
199,javi75k,juanpedro1950,91,2020-06-17 10:36:00,2020-06-17 11:25:21
200,andybodfish,trivia_worldcup,91,2020-06-17 10:36:00,2020-06-17 11:25:21
201,andybodfish,mundialmag,91,2020-06-17 10:36:00,2020-06-17 11:25:21
202,andybodfish,aufoficial,91,2020-06-17 10:36:00,2020-06-17 11:25:21
203,andybodfish,pizzigo,91,2020-06-17 10:36:00,2020-06-17 11:25:21
204,andybodfish,memoriemondiali,91,2020-06-17 10:36:00,2020-06-17 11:25:21
205,andybodfish,fifaworldcup,91,2020-06-17 10:36:00,2020-06-17 11:25:21
206,sp1873,1990worldcup,92,2020-06-17 10:36:07,2020-06-17 11:25:21
207,sp1873,vincera90,92,2020-06-17 10:36:07,2020-06-17 11:25:21
208,pauestelamch,anitulis21,93,2020-06-17 10:36:14,2020-06-17 11:25:21
209,basicolors,disidenciasred,94,2020-06-17 10:36:21,2020-06-17 11:25:21
210,basicolors,colmedchile,94,2020-06-17 10:36:21,2020-06-17 11:25:21
211,gervasi97908962,andreabrugman,95,2020-06-17 10:36:24,2020-06-17 11:25:21
212,gervasi97908962,uruguay_natural,95,2020-06-17 10:36:24,2020-06-17 11:25:21
213,gervasi97908962,regioncentrosur,95,2020-06-17 10:36:24,2020-06-17 11:25:21
214,gervasi97908962,floridaidf,95,2020-06-17 10:36:24,2020-06-17 11:25:21
215,romeropiriz,portalmvd,95,2020-06-17 10:36:24,2020-06-17 11:25:21
216,gervasi97908962,facuurban,95,2020-06-17 10:36:24,2020-06-17 11:25:21
217,paivamajo,arsenal,96,2020-06-17 10:36:30,2020-06-17 11:25:21
218,paivamajo,mancity,96,2020-06-17 10:36:30,2020-06-17 11:25:21
219,datosnomitos,esas1790,97,2020-06-17 10:36:31,2020-06-17 11:25:21
220,uydeporte,anep_uruguay,98,2020-06-17 10:36:41,2020-06-17 11:25:21
221,uydeporte,robertsilva1971,98,2020-06-17 10:36:41,2020-06-17 11:25:21
222,uydeporte,sebabauza61,98,2020-06-17 10:36:41,2020-06-17 11:25:21
223,oscarsito1956,opinemoshoy,99,2020-06-17 10:36:54,2020-06-17 11:25:21
224,yorgig13,elanonimo69,100,2020-06-17 10:37:27,2020-06-17 11:25:21
225,yorgig13,nicobarte16,100,2020-06-17 10:37:27,2020-06-17 11:25:21
226,yorgig13,invictossomos,100,2020-06-17 10:37:27,2020-06-17 11:25:21
227,yorgig13,hirvinglozano70,100,2020-06-17 10:37:27,2020-06-17 11:25:21
228,claudiamiki3,fanatik_lionn,101,2020-06-17 10:37:39,2020-06-17 11:25:21
229,rofolfo80390831,mer1803,102,2020-06-17 10:37:52,2020-06-17 11:25:21
230,daniloorona,wenova6,103,2020-06-17 10:37:57,2020-06-17 11:25:21
231,julianforscht,goodishintent,103,2020-06-17 10:37:57,2020-06-17 11:25:21
232,julianforscht,drphiliplee1,103,2020-06-17 10:37:57,2020-06-17 11:25:21
233,pipa0_0,francopaez21,104,2020-06-17 10:38:02,2020-06-17 11:25:21
234,pipa0_0,cuarentinix,104,2020-06-17 10:38:02,2020-06-17 11:25:21
235,pipa0_0,garridoandres10,104,2020-06-17 10:38:02,2020-06-17 11:25:21
236,pipa0_0,mstutzz,104,2020-06-17 10:38:02,2020-06-17 11:25:21
237,leofresco2,javi75k,105,2020-06-17 10:38:07,2020-06-17 11:25:21
238,leofresco2,juanpedro1950,105,2020-06-17 10:38:07,2020-06-17 11:25:21
239,luismarga05,asinosva850,106,2020-06-17 10:38:33,2020-06-17 11:25:21
240,birarasta,juanan_durismo,107,2020-06-17 10:38:35,2020-06-17 11:25:21
241,albericobarrios,anep_uruguay,108,2020-06-17 10:38:48,2020-06-17 11:25:21
242,albericobarrios,sebabauza61,108,2020-06-17 10:38:48,2020-06-17 11:25:21
243,albericobarrios,robertsilva1971,108,2020-06-17 10:38:48,2020-06-17 11:25:21
244,gervasi97908962,floridaidf,109,2020-06-17 10:38:56,2020-06-17 11:25:21
245,gervasi97908962,andreabrugman,109,2020-06-17 10:38:56,2020-06-17 11:25:21
246,gervasi97908962,uruguay_natural,109,2020-06-17 10:38:56,2020-06-17 11:25:21
247,gervasi97908962,regioncentrosur,109,2020-06-17 10:38:56,2020-06-17 11:25:21
248,gervasi97908962,camtururuguay,109,2020-06-17 10:38:56,2020-06-17 11:25:21
249,gabyftheo,youtube,110,2020-06-17 10:39:16,2020-06-17 11:25:21
250,gabyftheo,est_pedeciba,110,2020-06-17 10:39:16,2020-06-17 11:25:21
251,faouruguay,defcea,111,2020-06-17 10:39:19,2020-06-17 11:25:21
252,faouruguay,faouruguay,111,2020-06-17 10:39:19,2020-06-17 11:25:21
253,faouruguay,opsomsuruguay,111,2020-06-17 10:39:19,2020-06-17 11:25:21
254,faouruguay,mef_uruguay,111,2020-06-17 10:39:19,2020-06-17 11:25:21
255,faouruguay,unicefuruguay,111,2020-06-17 10:39:19,2020-06-17 11:25:21
256,faouruguay,onu_es,111,2020-06-17 10:39:19,2020-06-17 11:25:21
257,faouruguay,mrree_uruguay,111,2020-06-17 10:39:19,2020-06-17 11:25:21
258,bugabea,portalmvd,112,2020-06-17 10:39:27,2020-06-17 11:25:21
259,robertojhb,observadoruy,113,2020-06-17 10:39:39,2020-06-17 11:25:21
260,presentes_docu,vtvcanal8,114,2020-06-17 10:39:54,2020-06-17 11:25:21
261,presentes_docu,juventudpsuv,114,2020-06-17 10:39:54,2020-06-17 11:25:21
262,presentes_docu,redeuropave,114,2020-06-17 10:39:54,2020-06-17 11:25:21
263,presentes_docu,telesurtv,114,2020-06-17 10:39:54,2020-06-17 11:25:21
264,presentes_docu,presentes_docu,114,2020-06-17 10:39:54,2020-06-17 11:25:21
265,hopemikaelson0l,inmaarv,115,2020-06-17 10:39:59,2020-06-17 11:25:21
266,syleona,portalmvd,116,2020-06-17 10:40:12,2020-06-17 11:25:21
267,uruguay_jade,pabloalboran,116,2020-06-17 10:40:12,2020-06-17 11:25:21
268,leofresco2,juanpedro1950,117,2020-06-17 10:40:15,2020-06-17 11:25:21
269,leofresco2,javi75k,117,2020-06-17 10:40:15,2020-06-17 11:25:21
270,alexariaspe,noticiascaracol,118,2020-06-17 10:40:36,2020-06-17 11:25:21
271,enchantedfrst,saimtkngl,119,2020-06-17 10:41:03,2020-06-17 11:25:21
272,enchantedfrst,t24comtr,119,2020-06-17 10:41:03,2020-06-17 11:25:21
273,enchantedfrst,t24comtr,120,2020-06-17 10:41:05,2020-06-17 11:25:21
274,pjmosquera,lulo15934428,121,2020-06-17 10:41:08,2020-06-17 11:25:21
275,pjmosquera,darcyquinnr,121,2020-06-17 10:41:08,2020-06-17 11:25:21
276,uruguay_jade,pabloalboran,122,2020-06-17 10:41:33,2020-06-17 11:25:21
277,enchantedfrst,murat92884673,123,2020-06-17 10:41:38,2020-06-17 11:25:21
278,enchantedfrst,kayabasisevgi,123,2020-06-17 10:41:38,2020-06-17 11:25:21
279,enchantedfrst,t24comtr,123,2020-06-17 10:41:38,2020-06-17 11:25:21
280,enchantedfrst,turanbasarir_,123,2020-06-17 10:41:38,2020-06-17 11:25:21
281,enchantedfrst,cbyildiz,123,2020-06-17 10:41:38,2020-06-17 11:25:21
282,enchantedfrst,emreyalman_,123,2020-06-17 10:41:38,2020-06-17 11:25:21
283,enchantedfrst,saimtkngl,123,2020-06-17 10:41:38,2020-06-17 11:25:21
284,enchantedfrst,yozlems,123,2020-06-17 10:41:38,2020-06-17 11:25:21
285,nordbergvalerie,fordnation,124,2020-06-17 10:41:42,2020-06-17 11:25:21
286,taironvillamat1,noticiascaracol,125,2020-06-17 10:41:48,2020-06-17 11:25:21
287,macarefe,regrann,126,2020-06-17 10:41:50,2020-06-17 11:25:21
288,macarefe,pabloalboran,126,2020-06-17 10:41:50,2020-06-17 11:25:21
289,macarefe,uruguay_jade,126,2020-06-17 10:41:50,2020-06-17 11:25:21
290,mhussein_fcb,hiiroubrain,127,2020-06-17 10:42:20,2020-06-17 11:25:21
291,mhussein_fcb,invertedfwd,127,2020-06-17 10:42:20,2020-06-17 11:25:21
292,javi75k,juanpedro1950,128,2020-06-17 10:42:43,2020-06-17 11:25:21
293,javi75k,leofresco2,128,2020-06-17 10:42:43,2020-06-17 11:25:21
294,alebarbo73,fnr_uruguay,129,2020-06-17 10:43:10,2020-06-17 11:25:21
295,jam250363,telesurtv,130,2020-06-17 10:43:34,2020-06-17 11:25:21
296,juanfe_07,hectorje1969,130,2020-06-17 10:43:34,2020-06-17 11:25:21
297,jam250363,presentes_docu,130,2020-06-17 10:43:34,2020-06-17 11:25:21
298,jam250363,vtvcanal8,130,2020-06-17 10:43:34,2020-06-17 11:25:21
299,juanfe_07,sofemna,130,2020-06-17 10:43:34,2020-06-17 11:25:21
300,jam250363,juventudpsuv,130,2020-06-17 10:43:34,2020-06-17 11:25:21
301,jam250363,redeuropave,130,2020-06-17 10:43:34,2020-06-17 11:25:21
302,jaimenievesdiz,cocoramazzi,131,2020-06-17 10:43:38,2020-06-17 11:25:21
303,jaimenievesdiz,cossecarolina,131,2020-06-17 10:43:38,2020-06-17 11:25:21
304,jaimenievesdiz,camimcetrangolo,131,2020-06-17 10:43:38,2020-06-17 11:25:21
305,jaimenievesdiz,tinchonegriazul,131,2020-06-17 10:43:38,2020-06-17 11:25:21
306,jaimenievesdiz,gonzaloremisero,131,2020-06-17 10:43:38,2020-06-17 11:25:21
307,jaimenievesdiz,crisricheri,131,2020-06-17 10:43:38,2020-06-17 11:25:21
308,jaimenievesdiz,alvillar,131,2020-06-17 10:43:38,2020-06-17 11:25:21
309,jaimenievesdiz,frente_amplio,131,2020-06-17 10:43:38,2020-06-17 11:25:21
310,jaimenievesdiz,jfaenie,131,2020-06-17 10:43:38,2020-06-17 11:25:21
311,jaimenievesdiz,dmartinez_uy,131,2020-06-17 10:43:38,2020-06-17 11:25:21
312,jaimenievesdiz,mfrenteamplista,131,2020-06-17 10:43:38,2020-06-17 11:25:21
313,jaimenievesdiz,marciotomorrow,131,2020-06-17 10:43:38,2020-06-17 11:25:21
314,alexanderojasa,noticiascaracol,131,2020-06-17 10:43:38,2020-06-17 11:25:21
315,jaimenievesdiz,lucaveloz,131,2020-06-17 10:43:38,2020-06-17 11:25:21
316,icp_uc,nandorosenblatt,132,2020-06-17 10:43:56,2020-06-17 11:25:21
317,damian_osta,projectpoder,132,2020-06-17 10:43:56,2020-06-17 11:25:21
318,damian_osta,ladiaria,132,2020-06-17 10:43:56,2020-06-17 11:25:21
319,damian_osta,datauy,132,2020-06-17 10:43:56,2020-06-17 11:25:21
320,icp_uc,apsatweets,132,2020-06-17 10:43:56,2020-06-17 11:25:21
321,icp_uc,rafaelpineiror,132,2020-06-17 10:43:56,2020-06-17 11:25:21
322,simoffbeatriz,alfieisaac,133,2020-06-17 10:43:58,2020-06-17 11:25:21
323,simoffbeatriz,mtopuy,133,2020-06-17 10:43:58,2020-06-17 11:25:21
324,simoffbeatriz,luislacallepou,133,2020-06-17 10:43:58,2020-06-17 11:25:21
325,simoffbeatriz,mec_uruguay,133,2020-06-17 10:43:58,2020-06-17 11:25:21
326,carefrance,pso_actionaid,134,2020-06-17 10:43:59,2020-06-17 11:25:21
327,carefrance,lacgtcommunique,134,2020-06-17 10:43:59,2020-06-17 11:25:21
328,carefrance,oit,134,2020-06-17 10:43:59,2020-06-17 11:25:21
329,f_n_g_guerrero,martinvizcarrac,135,2020-06-17 10:44:19,2020-06-17 11:25:21
330,carolcardosouru,pabloalboran,136,2020-06-17 10:44:34,2020-06-17 11:25:21
331,carolcardosouru,uruguay_jade,136,2020-06-17 10:44:34,2020-06-17 11:25:21
332,carolcardosouru,regrann,136,2020-06-17 10:44:34,2020-06-17 11:25:21
333,maxcroser,audeasomnia,137,2020-06-17 10:44:41,2020-06-17 11:25:21
334,maxcroser,danielgavrilov,137,2020-06-17 10:44:41,2020-06-17 11:25:21
335,nanauchissss,elpanadoski,138,2020-06-17 10:44:51,2020-06-17 11:25:21
336,ebrukocakg,t24comtr,139,2020-06-17 10:45:02,2020-06-17 11:25:21
337,pabloflamm,directvchile,140,2020-06-17 10:45:15,2020-06-17 11:25:21
338,hola0506,acnewsitics,141,2020-06-17 10:45:16,2020-06-17 11:25:21
339,hola0506,average__jose,141,2020-06-17 10:45:16,2020-06-17 11:25:21
340,hola0506,deplorablegrits,141,2020-06-17 10:45:16,2020-06-17 11:25:21
341,oscarprieto91,noticiascaracol,142,2020-06-17 10:45:31,2020-06-17 11:25:21
342,leofresco2,juanpedro1950,143,2020-06-17 10:45:34,2020-06-17 11:25:21
343,leofresco2,javi75k,143,2020-06-17 10:45:34,2020-06-17 11:25:21
344,charlottepapers,diegoscott,144,2020-06-17 10:45:40,2020-06-17 11:25:21
345,charlottepapers,charlottepapers,144,2020-06-17 10:45:40,2020-06-17 11:25:21
346,charlottepapers,fernandeznelson,144,2020-06-17 10:45:40,2020-06-17 11:25:21
347,allanperezusa,cyrus_kuba,145,2020-06-17 10:45:47,2020-06-17 11:25:21
348,sebaibarra1983,leagrille,146,2020-06-17 10:45:57,2020-06-17 11:25:21
349,sebaibarra1983,meriparrado,146,2020-06-17 10:45:57,2020-06-17 11:25:21
350,sebaibarra1983,carasycaretasuy,146,2020-06-17 10:45:57,2020-06-17 11:25:21
351,sebaibarra1983,germanavilan,146,2020-06-17 10:45:57,2020-06-17 11:25:21
352,sebaibarra1983,verocab,146,2020-06-17 10:45:57,2020-06-17 11:25:21
353,sebaibarra1983,ricardopose1,146,2020-06-17 10:45:57,2020-06-17 11:25:21
354,jose_bazan,ch_vizcarra,147,2020-06-17 10:46:01,2020-06-17 11:25:21
355,jose_bazan,elpeysa,147,2020-06-17 10:46:01,2020-06-17 11:25:21
356,jose_bazan,elpipadelapau,147,2020-06-17 10:46:01,2020-06-17 11:25:21
357,jose_bazan,sebas9les,147,2020-06-17 10:46:01,2020-06-17 11:25:21
358,hgcp_uc,apsatweets,148,2020-06-17 10:46:19,2020-06-17 11:25:21
359,hgcp_uc,rafaelpineiror,148,2020-06-17 10:46:19,2020-06-17 11:25:21
360,hgcp_uc,nandorosenblatt,148,2020-06-17 10:46:19,2020-06-17 11:25:21
361,stgo_tm,dariocharaf,149,2020-06-17 10:46:22,2020-06-17 11:25:21
362,malena030811,themistocla,150,2020-06-17 10:46:24,2020-06-17 11:25:21
363,lasheras19,rialjorge,151,2020-06-17 10:46:41,2020-06-17 11:25:21
364,juanceretta,mrree_uruguay,152,2020-06-17 10:47:11,2020-06-17 11:25:21
365,juanceretta,defcea,152,2020-06-17 10:47:11,2020-06-17 11:25:21
366,juanceretta,faouruguay,152,2020-06-17 10:47:11,2020-06-17 11:25:21
367,juanceretta,opsomsuruguay,152,2020-06-17 10:47:11,2020-06-17 11:25:21
368,juanceretta,mef_uruguay,152,2020-06-17 10:47:11,2020-06-17 11:25:21
369,juanceretta,unicefuruguay,152,2020-06-17 10:47:11,2020-06-17 11:25:21
370,juanceretta,onu_es,152,2020-06-17 10:47:11,2020-06-17 11:25:21
371,lucasmartinsil,projectpoder,153,2020-06-17 10:47:17,2020-06-17 11:25:21
372,lucasmartinsil,ladiaria,153,2020-06-17 10:47:17,2020-06-17 11:25:21
373,lucasmartinsil,datauy,153,2020-06-17 10:47:17,2020-06-17 11:25:21
374,smmmaris,charlottepapers,154,2020-06-17 10:47:32,2020-06-17 11:25:21
375,smmmaris,fernandeznelson,154,2020-06-17 10:47:32,2020-06-17 11:25:21
376,smmmaris,diegoscott,154,2020-06-17 10:47:32,2020-06-17 11:25:21
377,cesczurita,diegoforlan7,155,2020-06-17 10:47:40,2020-06-17 11:25:21
378,cesczurita,uruguay,155,2020-06-17 10:47:40,2020-06-17 11:25:21
379,cabrerofr,tierrapuraorg,156,2020-06-17 10:47:46,2020-06-17 11:25:21
380,simonajaz,gimenafuertes,157,2020-06-17 10:47:56,2020-06-17 11:25:21
381,julioda67,comomemuevouy,158,2020-06-17 10:48:05,2020-06-17 11:25:21
382,cerodivergencia,janarhertz,159,2020-06-17 10:48:11,2020-06-17 11:25:21
383,trabzonumoleyy,t24comtr,160,2020-06-17 10:48:30,2020-06-17 11:25:21
384,mvotma_uruguay,irenemoreirauy,161,2020-06-17 10:48:31,2020-06-17 11:25:21
385,eltrompa2785,delicatessenuy,162,2020-06-17 10:48:32,2020-06-17 11:25:21
386,posadasvecino,gustavoharreguy,163,2020-06-17 10:48:43,2020-06-17 11:25:21
387,posadasvecino,informacarve850,163,2020-06-17 10:48:43,2020-06-17 11:25:21
388,mflecha6,inborda,164,2020-06-17 10:48:44,2020-06-17 11:25:21
389,mflecha6,luisbareiro,164,2020-06-17 10:48:44,2020-06-17 11:25:21
390,foxsportsarg,sebasagus,165,2020-06-17 10:48:52,2020-06-17 11:25:21
391,foxsportsarg,laurentlazard1,165,2020-06-17 10:48:52,2020-06-17 11:25:21
392,milongaextrema,elchayi,166,2020-06-17 10:48:53,2020-06-17 11:25:21
393,jul84033053,mxo15,167,2020-06-17 10:49:15,2020-06-17 11:25:21
394,jul84033053,cyberlibertario,167,2020-06-17 10:49:15,2020-06-17 11:25:21
395,jul84033053,porquetendencia,167,2020-06-17 10:49:15,2020-06-17 11:25:21
396,jul84033053,wolfen123,167,2020-06-17 10:49:15,2020-06-17 11:25:21
397,jul84033053,adornista_,167,2020-06-17 10:49:15,2020-06-17 11:25:21
398,fabrici22015119,youtube,168,2020-06-17 10:49:28,2020-06-17 11:25:21
399,audeasomnia,audeasomnia,169,2020-06-17 10:49:30,2020-06-17 11:25:21
400,audeasomnia,danielgavrilov,169,2020-06-17 10:49:30,2020-06-17 11:25:21
401,jorge788777,jtrostchansky,170,2020-06-17 10:49:32,2020-06-17 11:25:21
402,jorge788777,leagrille,170,2020-06-17 10:49:32,2020-06-17 11:25:21
403,jorge788777,sciutodr,170,2020-06-17 10:49:32,2020-06-17 11:25:21
404,igualitalu,alvarouribevel,171,2020-06-17 10:49:43,2020-06-17 11:25:21
405,emiliano_el5_,flacaconrollos,172,2020-06-17 10:49:47,2020-06-17 11:25:21
406,igualitalu,alvarouribevel,173,2020-06-17 10:49:51,2020-06-17 11:25:21
407,salvatorecaro,jpleaguefr,174,2020-06-17 10:49:54,2020-06-17 11:25:21
408,salvatorecaro,proleaguebe,174,2020-06-17 10:49:54,2020-06-17 11:25:21
409,salvatorecaro,standard_rscl,174,2020-06-17 10:49:54,2020-06-17 11:25:21
410,daniel13101636,portalmvd,175,2020-06-17 10:50:00,2020-06-17 11:25:21
411,marina382,el_pais,176,2020-06-17 10:50:04,2020-06-17 11:25:21
412,vctorro15827816,darwinyoparami,177,2020-06-17 10:50:19,2020-06-17 11:25:21
413,vctorro15827816,notoquennada,177,2020-06-17 10:50:19,2020-06-17 11:25:21
414,ajaurena,uyecos,178,2020-06-17 10:50:27,2020-06-17 11:25:21
415,ajaurena,octumaldonado,178,2020-06-17 10:50:27,2020-06-17 11:25:21
416,fermartinezlar,liganacional,179,2020-06-17 10:50:29,2020-06-17 11:25:21
417,fermartinezlar,lub_uy,179,2020-06-17 10:50:29,2020-06-17 11:25:21
418,marcee_rod,onventura,180,2020-06-17 10:50:40,2020-06-17 11:25:21
419,offkadir,uk8ekiz,181,2020-06-17 10:51:00,2020-06-17 11:25:21
420,gordogaristo,elpipadelapau,182,2020-06-17 10:51:28,2020-06-17 11:25:21
421,gordogaristo,sebas9les,182,2020-06-17 10:51:28,2020-06-17 11:25:21
422,gordogaristo,ch_vizcarra,182,2020-06-17 10:51:28,2020-06-17 11:25:21
423,gordogaristo,elpeysa,182,2020-06-17 10:51:28,2020-06-17 11:25:21
424,elchayi,elchayi,183,2020-06-17 10:51:40,2020-06-17 11:25:21
425,ceciliatapia,mrree_uruguay,184,2020-06-17 10:51:59,2020-06-17 11:25:21
426,ceciliatapia,pepiscine,184,2020-06-17 10:51:59,2020-06-17 11:25:21
427,ceciliatapia,carolinaache,184,2020-06-17 10:51:59,2020-06-17 11:25:21
428,ceciliatapia,lupitarosa2012,184,2020-06-17 10:51:59,2020-06-17 11:25:21
429,edithchiche,drdanielgollan,185,2020-06-17 10:52:02,2020-06-17 11:25:21
430,elmonetta,hastaelhuesito,186,2020-06-17 10:52:06,2020-06-17 11:25:21
431,elmonetta,tinchonegriazul,186,2020-06-17 10:52:06,2020-06-17 11:25:21
432,elmonetta,hinchas_uruguay,186,2020-06-17 10:52:06,2020-06-17 11:25:21
433,motareales,liganacional,187,2020-06-17 10:52:12,2020-06-17 11:25:21
434,motareales,lub_uy,187,2020-06-17 10:52:12,2020-06-17 11:25:21
435,maria78817886,assecomunica,188,2020-06-17 10:52:24,2020-06-17 11:25:21
436,maria78817886,tartagliaestefa,188,2020-06-17 10:52:24,2020-06-17 11:25:21
437,maria78817886,leocipriani20,188,2020-06-17 10:52:24,2020-06-17 11:25:21
438,nidia19861,martinvizcarrac,189,2020-06-17 10:52:28,2020-06-17 11:25:21
439,javi75k,leofresco2,190,2020-06-17 10:52:47,2020-06-17 11:25:21
440,javi75k,juanpedro1950,190,2020-06-17 10:52:47,2020-06-17 11:25:21
441,juanpueblo2020,929roger,191,2020-06-17 10:52:53,2020-06-17 11:25:21
442,juanpueblo2020,carolinaache,191,2020-06-17 10:52:53,2020-06-17 11:25:21
443,juanpueblo2020,mrree_uruguay,191,2020-06-17 10:52:53,2020-06-17 11:25:21
444,juanpueblo2020,libertariosuru1,191,2020-06-17 10:52:53,2020-06-17 11:25:21
445,baloncestoesp,fernandoromay1,192,2020-06-17 10:53:00,2020-06-17 11:25:21
446,baloncestoesp,caixabank,192,2020-06-17 10:53:00,2020-06-17 11:25:21
447,elguapo282,fefeuom,193,2020-06-17 10:53:35,2020-06-17 11:25:21
448,elguapo282,fanch_mrl,193,2020-06-17 10:53:35,2020-06-17 11:25:21
449,elguapo282,vnavrants,193,2020-06-17 10:53:35,2020-06-17 11:25:21
450,uniamericas,marcio_monzane,194,2020-06-17 10:53:38,2020-06-17 11:25:21
451,uniamericas,uniglobalunion,194,2020-06-17 10:53:38,2020-06-17 11:25:21
452,uniamericas,kathyg0429,194,2020-06-17 10:53:38,2020-06-17 11:25:21
453,uniamericas,uni_women,194,2020-06-17 10:53:38,2020-06-17 11:25:21
454,anamariapiro2,cesararvelo4,195,2020-06-17 10:53:50,2020-06-17 11:25:21
455,anamariapiro2,aguanteboca23,195,2020-06-17 10:53:50,2020-06-17 11:25:21
456,anamariapiro2,arieljob,195,2020-06-17 10:53:50,2020-06-17 11:25:21
457,anamariapiro2,anamariapiro2,195,2020-06-17 10:53:50,2020-06-17 11:25:21
458,alberth_riveros,cachimendez87,196,2020-06-17 10:53:52,2020-06-17 11:25:21
459,salvajulio,ahatum,197,2020-06-17 10:54:00,2020-06-17 11:25:21
460,maga1148,cyrus_kuba,198,2020-06-17 10:54:06,2020-06-17 11:25:21
461,sebasagus,laurentlazard1,199,2020-06-17 10:54:08,2020-06-17 11:25:21
462,sebasagus,sebasagus,199,2020-06-17 10:54:08,2020-06-17 11:25:21
463,menendez012002,jtrostchansky,200,2020-06-17 10:54:11,2020-06-17 11:25:21
464,menendez012002,sciutodr,200,2020-06-17 10:54:11,2020-06-17 11:25:21
465,menendez012002,leagrille,200,2020-06-17 10:54:11,2020-06-17 11:25:21
466,cyrus_kuba,cyrus_kuba,201,2020-06-17 10:54:17,2020-06-17 11:25:21
467,radungaur,bandainamcofr,202,2020-06-17 10:54:20,2020-06-17 11:25:21
468,radungaur,tboulog,202,2020-06-17 10:54:20,2020-06-17 11:25:21
469,maryesthercurb1,tinchonegriazul,203,2020-06-17 10:54:25,2020-06-17 11:25:21
470,boleadorcharrua,estacion_bcp,204,2020-06-17 10:54:27,2020-06-17 11:25:21
471,boleadorcharrua,metsul,204,2020-06-17 10:54:27,2020-06-17 11:25:21
472,boleadorcharrua,uruguay_natural,204,2020-06-17 10:54:27,2020-06-17 11:25:21
473,boleadorcharrua,meteorologiauy,204,2020-06-17 10:54:27,2020-06-17 11:25:21
474,boleadorcharrua,wmo,204,2020-06-17 10:54:27,2020-06-17 11:25:21
475,boleadorcharrua,destinopiria,204,2020-06-17 10:54:27,2020-06-17 11:25:21
476,boleadorcharrua,meteofedex,204,2020-06-17 10:54:27,2020-06-17 11:25:21
477,boleadorcharrua,uruguaypostales,204,2020-06-17 10:54:27,2020-06-17 11:25:21
478,boleadorcharrua,metfloridauy,204,2020-06-17 10:54:27,2020-06-17 11:25:21
479,boleadorcharrua,boleadorcharrua,204,2020-06-17 10:54:27,2020-06-17 11:25:21
480,boleadorcharrua,puntadelestes,204,2020-06-17 10:54:27,2020-06-17 11:25:21
481,boleadorcharrua,meteonacho,204,2020-06-17 10:54:27,2020-06-17 11:25:21
482,cepasv,copaairlines,205,2020-06-17 10:55:09,2020-06-17 11:25:21
483,unidadvenezuela,asambleave,206,2020-06-17 10:55:14,2020-06-17 11:25:21
484,unidadvenezuela,mrree_uruguay,206,2020-06-17 10:55:14,2020-06-17 11:25:21
485,unidadvenezuela,ernesto_talvi,206,2020-06-17 10:55:14,2020-06-17 11:25:21
486,darioe_nunes,drdanielgollan,207,2020-06-17 10:55:27,2020-06-17 11:25:21
487,acebnacional,kathyg0429,208,2020-06-17 10:55:33,2020-06-17 11:25:21
488,acebnacional,marcio_monzane,208,2020-06-17 10:55:33,2020-06-17 11:25:21
489,acebnacional,uniglobalunion,208,2020-06-17 10:55:33,2020-06-17 11:25:21
490,acebnacional,uni_women,208,2020-06-17 10:55:33,2020-06-17 11:25:21
491,ml_ayuda,nnccff27,209,2020-06-17 10:55:46,2020-06-17 11:25:21
492,ml_ayuda,ml_uruguay,209,2020-06-17 10:55:46,2020-06-17 11:25:21
493,sebasagus,laurentlazard1,210,2020-06-17 10:55:58,2020-06-17 11:25:21
494,ghiettitarallo,leonard65622065,211,2020-06-17 10:56:05,2020-06-17 11:25:21
495,ghiettitarallo,alberto30489505,211,2020-06-17 10:56:05,2020-06-17 11:25:21
496,ghiettitarallo,igalvar71,211,2020-06-17 10:56:05,2020-06-17 11:25:21
497,paolamaeso,bugabea,212,2020-06-17 10:56:06,2020-06-17 11:25:21
498,paolamaeso,hdabogados,212,2020-06-17 10:56:06,2020-06-17 11:25:21
499,claudiacampossv,copaairlines,213,2020-06-17 10:56:11,2020-06-17 11:25:21
500,msilvia30mg,radiosarandi690,214,2020-06-17 10:56:12,2020-06-17 11:25:21
501,msilvia30mg,bancosantander,214,2020-06-17 10:56:12,2020-06-17 11:25:21
502,msilvia30mg,mec_uruguay,214,2020-06-17 10:56:12,2020-06-17 11:25:21
503,msilvia30mg,ladiaria,214,2020-06-17 10:56:12,2020-06-17 11:25:21
504,msilvia30mg,observadoruy,214,2020-06-17 10:56:12,2020-06-17 11:25:21
505,msilvia30mg,elpaisuy,214,2020-06-17 10:56:12,2020-06-17 11:25:21
506,_vallenue,pabloiglesias,215,2020-06-17 10:56:15,2020-06-17 11:25:21
507,_vallenue,naciondigital2,215,2020-06-17 10:56:15,2020-06-17 11:25:21
508,agustinlavanca,relope_c18,216,2020-06-17 10:56:38,2020-06-17 11:25:21
509,michael08257540,ivanduque,217,2020-06-17 10:56:45,2020-06-17 11:25:21
510,michael08257540,alvarouribevel,217,2020-06-17 10:56:45,2020-06-17 11:25:21
511,victore59883726,carbajalsebas,218,2020-06-17 10:56:49,2020-06-17 11:25:21
512,tipografoel,tomyarg,218,2020-06-17 10:56:49,2020-06-17 11:25:21
513,tipografoel,osplo,218,2020-06-17 10:56:49,2020-06-17 11:25:21
514,tipografoel,tomaspueyo,218,2020-06-17 10:56:49,2020-06-17 11:25:21
515,espinolaneco,msaludpy,219,2020-06-17 10:56:53,2020-06-17 11:25:21
516,espinolaneco,elrolfi_py,219,2020-06-17 10:56:53,2020-06-17 11:25:21
517,espinolaneco,nanduti,219,2020-06-17 10:56:53,2020-06-17 11:25:21
518,espinolaneco,liliansamaniego,219,2020-06-17 10:56:53,2020-06-17 11:25:21
519,solangedelema1,cfe_anep,220,2020-06-17 10:57:02,2020-06-17 11:25:21
520,solangedelema1,oeiuruguay,220,2020-06-17 10:57:02,2020-06-17 11:25:21
521,solangedelema1,utu_uruguay,220,2020-06-17 10:57:02,2020-06-17 11:25:21
522,solangedelema1,ces_uruguay,220,2020-06-17 10:57:02,2020-06-17 11:25:21
523,vaaranpa,wto,221,2020-06-17 10:57:05,2020-06-17 11:25:21
524,vaaranpa,ustraderep,221,2020-06-17 10:57:05,2020-06-17 11:25:21
525,vaaranpa,bbaschuk,221,2020-06-17 10:57:05,2020-06-17 11:25:21
526,vaaranpa,jendeben,221,2020-06-17 10:57:05,2020-06-17 11:25:21
527,vaaranpa,trussliz,221,2020-06-17 10:57:05,2020-06-17 11:25:21
528,sebaas_ms,mvotma_uruguay,222,2020-06-17 10:57:11,2020-06-17 11:25:21
529,sebaas_ms,irenemoreirauy,222,2020-06-17 10:57:11,2020-06-17 11:25:21
530,_no_teimporta,sorrudeternalpa,223,2020-06-17 10:57:24,2020-06-17 11:25:21
531,nicopias,diegoforlan7,224,2020-06-17 10:57:26,2020-06-17 11:25:21
532,nicopias,uruguay,224,2020-06-17 10:57:26,2020-06-17 11:25:21
533,timdrake97,malcomgomez,225,2020-06-17 10:57:45,2020-06-17 11:25:21
534,1990worldcup,1990worldcup,225,2020-06-17 10:57:45,2020-06-17 11:25:21
535,1990worldcup,vincera90,225,2020-06-17 10:57:45,2020-06-17 11:25:21
536,cherrypompeo,sweetlyubov,226,2020-06-17 10:57:51,2020-06-17 11:25:21
537,diariolagaceta,cancilleriasv,227,2020-06-17 10:57:57,2020-06-17 11:25:21
538,tavooiivera,marcio_monzane,228,2020-06-17 10:58:04,2020-06-17 11:25:21
539,tavooiivera,uniglobalunion,228,2020-06-17 10:58:04,2020-06-17 11:25:21
540,tavooiivera,kathyg0429,228,2020-06-17 10:58:04,2020-06-17 11:25:21
541,tavooiivera,uni_women,228,2020-06-17 10:58:04,2020-06-17 11:25:21
542,julioschulmeist,angelalerena,229,2020-06-17 10:58:26,2020-06-17 11:25:21
543,julioschulmeist,juliab58127484,229,2020-06-17 10:58:26,2020-06-17 11:25:21
544,jaimepinango,ernesto_talvi,230,2020-06-17 10:58:29,2020-06-17 11:25:21
545,jaimepinango,asambleave,230,2020-06-17 10:58:29,2020-06-17 11:25:21
546,jaimepinango,mrree_uruguay,230,2020-06-17 10:58:29,2020-06-17 11:25:21
547,davidferrara35,liganacional,231,2020-06-17 10:58:49,2020-06-17 11:25:21
548,davidferrara35,lub_uy,231,2020-06-17 10:58:49,2020-06-17 11:25:21
549,justiciacieg,copaairlines,232,2020-06-17 10:58:54,2020-06-17 11:25:21
550,arbustait,trafigura,233,2020-06-17 10:58:55,2020-06-17 11:25:21
551,roberto36274454,gabriela_teac,234,2020-06-17 10:58:59,2020-06-17 11:25:21
552,roberto36274454,elpaisuy,234,2020-06-17 10:58:59,2020-06-17 11:25:21
553,roberto36274454,herrerismo,234,2020-06-17 10:58:59,2020-06-17 11:25:21
554,darcio_100,noticiascaracol,235,2020-06-17 10:59:14,2020-06-17 11:25:21
555,yourcony2,bienvenidos13,236,2020-06-17 10:59:16,2020-06-17 11:25:21
556,_spvrksfly,filmsxlife,237,2020-06-17 10:59:18,2020-06-17 11:25:21
557,jorgehoracioma5,carlos_manfroni,238,2020-06-17 10:59:25,2020-06-17 11:25:21
558,chasquetti,josetruj,239,2020-06-17 10:59:35,2020-06-17 11:25:21
559,lindaparamof,uniamericas,240,2020-06-17 10:59:37,2020-06-17 11:25:21
560,lindaparamof,ritaberlofa,240,2020-06-17 10:59:37,2020-06-17 11:25:21
561,lindaparamof,noruegaencol,240,2020-06-17 10:59:37,2020-06-17 11:25:21
562,lindaparamof,marcio_monzane,240,2020-06-17 10:59:37,2020-06-17 11:25:21
563,lindaparamof,enscolombia,240,2020-06-17 10:59:37,2020-06-17 11:25:21
564,lindaparamof,guimaffeo,240,2020-06-17 10:59:37,2020-06-17 11:25:21
565,lindaparamof,oitamericas,240,2020-06-17 10:59:37,2020-06-17 11:25:21
566,lindaparamof,aebu_uruguay,240,2020-06-17 10:59:37,2020-06-17 11:25:21
567,lindaparamof,uniglobalunion,240,2020-06-17 10:59:37,2020-06-17 11:25:21
568,lindaparamof,unebcolombia,240,2020-06-17 10:59:37,2020-06-17 11:25:21
569,lindaparamof,sophyeo19,240,2020-06-17 10:59:37,2020-06-17 11:25:21
570,lindaparamof,redaloficial,240,2020-06-17 10:59:37,2020-06-17 11:25:21
571,lindaparamof,uni_women,240,2020-06-17 10:59:37,2020-06-17 11:25:21
572,lindaparamof,fundacionfescol,240,2020-06-17 10:59:37,2020-06-17 11:25:21
573,lindaparamof,cutcolombia,240,2020-06-17 10:59:37,2020-06-17 11:25:21
574,lindaparamof,oitandina,240,2020-06-17 10:59:37,2020-06-17 11:25:21
575,lindaparamof,maritaivainen,240,2020-06-17 10:59:37,2020-06-17 11:25:21
576,lindaparamof,veronicauni,240,2020-06-17 10:59:37,2020-06-17 11:25:21
577,teacherjamp013,nicobarte16,241,2020-06-17 10:59:38,2020-06-17 11:25:21
578,teacherjamp013,invictossomos,241,2020-06-17 10:59:38,2020-06-17 11:25:21
579,teacherjamp013,hirvinglozano70,241,2020-06-17 10:59:38,2020-06-17 11:25:21
580,teacherjamp013,_rodrigogm1891,241,2020-06-17 10:59:38,2020-06-17 11:25:21
581,teacherjamp013,antoniopeniche,241,2020-06-17 10:59:38,2020-06-17 11:25:21
582,teacherjamp013,precaution1030,241,2020-06-17 10:59:38,2020-06-17 11:25:21
583,teacherjamp013,csarsoria,241,2020-06-17 10:59:38,2020-06-17 11:25:21
584,teacherjamp013,brauni131398,241,2020-06-17 10:59:38,2020-06-17 11:25:21
585,secprensasv,cancilleriasv,242,2020-06-17 11:00:20,2020-06-17 11:25:21
586,secprensasv,nayibbukele,242,2020-06-17 11:00:20,2020-06-17 11:25:21
587,alejo_zeta_g,noticiascaracol,243,2020-06-17 11:00:23,2020-06-17 11:25:21
588,superalitita,crlitvin,244,2020-06-17 11:01:21,2020-06-17 11:25:21
589,superalitita,u24noticias,244,2020-06-17 11:01:21,2020-06-17 11:25:21
590,motta_soleda,asambleave,245,2020-06-17 11:01:26,2020-06-17 11:25:21
591,motta_soleda,ernesto_talvi,245,2020-06-17 11:01:26,2020-06-17 11:25:21
592,motta_soleda,mrree_uruguay,245,2020-06-17 11:01:26,2020-06-17 11:25:21
593,veganrick,fordnation,246,2020-06-17 11:01:47,2020-06-17 11:25:21
594,partidocolorado,anep_uruguay,247,2020-06-17 11:01:50,2020-06-17 11:25:21
595,partidocolorado,robertsilva1971,247,2020-06-17 11:01:50,2020-06-17 11:25:21
596,guyasss,ernesto_talvi,248,2020-06-17 11:01:54,2020-06-17 11:25:21
597,guyasss,mrree_uruguay,248,2020-06-17 11:01:54,2020-06-17 11:25:21
598,guyasss,asambleave,248,2020-06-17 11:01:54,2020-06-17 11:25:21
599,proudangxl,shinichifanacc,249,2020-06-17 11:02:05,2020-06-17 11:25:21
600,lindaparamof,duunarit,250,2020-06-17 11:02:20,2020-06-17 11:25:21
601,lindaparamof,onu_es,250,2020-06-17 11:02:20,2020-06-17 11:25:21
602,lindaparamof,mujerescsa,250,2020-06-17 11:02:20,2020-06-17 11:25:21
603,lindaparamof,alexlopezmaya,250,2020-06-17 11:02:20,2020-06-17 11:25:21
604,lindaparamof,anateresabernal,250,2020-06-17 11:02:20,2020-06-17 11:25:21
605,lindaparamof,liliasolano,250,2020-06-17 11:02:20,2020-06-17 11:25:21
606,lindaparamof,ituc,250,2020-06-17 11:02:20,2020-06-17 11:25:21
607,lindaparamof,soyanebre,250,2020-06-17 11:02:20,2020-06-17 11:25:21
608,lindaparamof,onumujerescol,250,2020-06-17 11:02:20,2020-06-17 11:25:21
609,lindaparamof,andredomundo,250,2020-06-17 11:02:20,2020-06-17 11:25:21
610,lindaparamof,cepal_onu,250,2020-06-17 11:02:20,2020-06-17 11:25:21
611,lindaparamof,sintrabancol_,250,2020-06-17 11:02:20,2020-06-17 11:25:21
612,lindaparamof,csa_tuca,250,2020-06-17 11:02:20,2020-06-17 11:25:21
613,lindaparamof,juventudcsa,250,2020-06-17 11:02:20,2020-06-17 11:25:21
614,lindaparamof,onucolombia,250,2020-06-17 11:02:20,2020-06-17 11:25:21
615,lindaparamof,contraf_cut,250,2020-06-17 11:02:20,2020-06-17 11:25:21
616,lindaparamof,saskfi,250,2020-06-17 11:02:20,2020-06-17 11:25:21
617,lindaparamof,bancariosba,250,2020-06-17 11:02:20,2020-06-17 11:25:21
618,lindaparamof,ccoo,250,2020-06-17 11:02:20,2020-06-17 11:25:21
619,lindaparamof,aebu_uruguay,250,2020-06-17 11:02:20,2020-06-17 11:25:21
620,lindaparamof,onumujeres,250,2020-06-17 11:02:20,2020-06-17 11:25:21
621,anep_uruguay,alaskkag,251,2020-06-17 11:02:40,2020-06-17 11:25:21
622,anep_uruguay,madraidercr,251,2020-06-17 11:02:40,2020-06-17 11:25:21
623,podcastlanacion,charlottepapers,252,2020-06-17 11:03:02,2020-06-17 11:25:21
624,podcastlanacion,fernandeznelson,252,2020-06-17 11:03:02,2020-06-17 11:25:21
625,podcastlanacion,diegoscott,252,2020-06-17 11:03:02,2020-06-17 11:25:21
626,cloudsbenza,inefableluli,253,2020-06-17 11:03:08,2020-06-17 11:25:21
627,sosita_1,elpaisuy,254,2020-06-17 11:03:29,2020-06-17 11:25:21
628,albertsarq,rcachanosky,255,2020-06-17 11:03:38,2020-06-17 11:25:21
629,vuillediego,infofimix,256,2020-06-17 11:03:40,2020-06-17 11:25:21
630,carmahe_arg,lanacion,257,2020-06-17 11:03:58,2020-06-17 11:25:21
631,carmahe_arg,ambitocom,257,2020-06-17 11:03:58,2020-06-17 11:25:21
632,selvavalenzuela,lista71,258,2020-06-17 11:04:06,2020-06-17 11:25:21
633,alansableuni,uni_women,258,2020-06-17 11:04:06,2020-06-17 11:25:21
634,selvavalenzuela,pnacional,258,2020-06-17 11:04:06,2020-06-17 11:25:21
635,alansableuni,kathyg0429,258,2020-06-17 11:04:06,2020-06-17 11:25:21
636,alansableuni,marcio_monzane,258,2020-06-17 11:04:06,2020-06-17 11:25:21
637,alansableuni,uniglobalunion,258,2020-06-17 11:04:06,2020-06-17 11:25:21
638,matugomez77,uruguay,259,2020-06-17 11:04:09,2020-06-17 11:25:21
639,matugomez77,diegoforlan7,259,2020-06-17 11:04:09,2020-06-17 11:25:21
640,nolosvote,jmasanguinetti,260,2020-06-17 11:04:15,2020-06-17 11:25:21
641,71elvis,repollera,261,2020-06-17 11:04:19,2020-06-17 11:25:21
642,leofresco2,juanpedro1950,262,2020-06-17 11:04:32,2020-06-17 11:25:21
643,leofresco2,javi75k,262,2020-06-17 11:04:32,2020-06-17 11:25:21
644,preshocraig,realthomasmoss,263,2020-06-17 11:04:46,2020-06-17 11:25:21
645,preshocraig,craigliddell7,263,2020-06-17 11:04:46,2020-06-17 11:25:21
646,preshocraig,harrybaldwinpg,263,2020-06-17 11:04:46,2020-06-17 11:25:21
647,vnavrants,elguapo282,264,2020-06-17 11:04:55,2020-06-17 11:25:21
648,vnavrants,fefeuom,264,2020-06-17 11:04:55,2020-06-17 11:25:21
649,vnavrants,fanch_mrl,264,2020-06-17 11:04:55,2020-06-17 11:25:21
650,infofimix,infofimix,265,2020-06-17 11:05:17,2020-06-17 11:25:21
651,salazar81714081,popypam,266,2020-06-17 11:05:21,2020-06-17 11:25:21
652,perikles52,sergioberniarg,267,2020-06-17 11:05:24,2020-06-17 11:25:21
653,elmonetta,danielp3818,268,2020-06-17 11:05:26,2020-06-17 11:25:21
654,elmonetta,gilbenfa,268,2020-06-17 11:05:26,2020-06-17 11:25:21
655,proudangxl,shinichifanacc,269,2020-06-17 11:05:37,2020-06-17 11:25:21
656,robeberro,aherreromurad,270,2020-06-17 11:05:39,2020-06-17 11:25:21
657,botliberalisme,fefeuom,271,2020-06-17 11:06:02,2020-06-17 11:25:21
658,botliberalisme,elguapo282,271,2020-06-17 11:06:02,2020-06-17 11:25:21
659,botliberalisme,fanch_mrl,271,2020-06-17 11:06:02,2020-06-17 11:25:21
660,leofresco2,juanpedro1950,272,2020-06-17 11:06:13,2020-06-17 11:25:21
661,leofresco2,javi75k,272,2020-06-17 11:06:13,2020-06-17 11:25:21
662,josacouto1,noelrevello1,273,2020-06-17 11:06:19,2020-06-17 11:25:21
663,josacouto1,permis0,273,2020-06-17 11:06:19,2020-06-17 11:25:21
664,josacouto1,portalmvd,273,2020-06-17 11:06:19,2020-06-17 11:25:21
665,shinichifanacc,proudangxl,274,2020-06-17 11:06:21,2020-06-17 11:25:21
666,manahen1996,copaairlines,275,2020-06-17 11:06:22,2020-06-17 11:25:21
667,teresit36633444,luislacallepou,276,2020-06-17 11:06:34,2020-06-17 11:25:21
668,teresit36633444,mec_uruguay,276,2020-06-17 11:06:34,2020-06-17 11:25:21
669,teresit36633444,alfieisaac,276,2020-06-17 11:06:34,2020-06-17 11:25:21
670,teresit36633444,mtopuy,276,2020-06-17 11:06:34,2020-06-17 11:25:21
671,csfabbiani,vtvnoticiasuy,277,2020-06-17 11:06:44,2020-06-17 11:25:21
672,csfabbiani,vtvuruguay,277,2020-06-17 11:06:44,2020-06-17 11:25:21
673,felipeossacourt,conversationus,278,2020-06-17 11:06:45,2020-06-17 11:25:21
674,walkiria_sarah,kudelais,279,2020-06-17 11:07:20,2020-06-17 11:25:21
675,walkiria_sarah,jorgewlarranaga,279,2020-06-17 11:07:20,2020-06-17 11:25:21
676,leofresco2,juanpedro1950,280,2020-06-17 11:07:23,2020-06-17 11:25:21
677,leofresco2,javi75k,280,2020-06-17 11:07:23,2020-06-17 11:25:21
678,titosabo,mariafdacabal,281,2020-06-17 11:07:55,2020-06-17 11:25:21
679,desimasi2,euclides_py,282,2020-06-17 11:08:14,2020-06-17 11:25:21
680,desimasi2,minpublicopy,282,2020-06-17 11:08:14,2020-06-17 11:25:21
681,desimasi2,msaludpy,282,2020-06-17 11:08:14,2020-06-17 11:25:21
682,desimasi2,guillesequera,282,2020-06-17 11:08:14,2020-06-17 11:25:21
683,desimasi2,vigisaludpy,282,2020-06-17 11:08:14,2020-06-17 11:25:21
684,desimasi2,mazzolenijulio,282,2020-06-17 11:08:14,2020-06-17 11:25:21
685,agustinaneves5,luisalulu99,283,2020-06-17 11:08:29,2020-06-17 11:25:21
686,luisorsino,uni_women,284,2020-06-17 11:08:38,2020-06-17 11:25:21
687,luisorsino,marcio_monzane,284,2020-06-17 11:08:38,2020-06-17 11:25:21
688,luisorsino,uniglobalunion,284,2020-06-17 11:08:38,2020-06-17 11:25:21
689,luisorsino,kathyg0429,284,2020-06-17 11:08:38,2020-06-17 11:25:21
690,teresit36633444,mvotma_uruguay,285,2020-06-17 11:08:56,2020-06-17 11:25:21
691,teresit36633444,irenemoreirauy,285,2020-06-17 11:08:56,2020-06-17 11:25:21
692,didiergm1,noticiascaracol,286,2020-06-17 11:08:58,2020-06-17 11:25:21
693,carlasandrin2,alexsum60060888,287,2020-06-17 11:09:05,2020-06-17 11:25:21
694,teresit36633444,sebabauza61,288,2020-06-17 11:09:09,2020-06-17 11:25:21
695,teresit36633444,anep_uruguay,288,2020-06-17 11:09:09,2020-06-17 11:25:21
696,teresit36633444,robertsilva1971,288,2020-06-17 11:09:09,2020-06-17 11:25:21
697,ernabenitez,mazzolenijulio,289,2020-06-17 11:09:20,2020-06-17 11:25:21
698,ernabenitez,euclides_py,289,2020-06-17 11:09:20,2020-06-17 11:25:21
699,ernabenitez,minpublicopy,289,2020-06-17 11:09:20,2020-06-17 11:25:21
700,ernabenitez,msaludpy,289,2020-06-17 11:09:20,2020-06-17 11:25:21
701,ernabenitez,guillesequera,289,2020-06-17 11:09:20,2020-06-17 11:25:21
702,ernabenitez,vigisaludpy,289,2020-06-17 11:09:20,2020-06-17 11:25:21
703,pedro_gil1,ernesto_talvi,290,2020-06-17 11:09:25,2020-06-17 11:25:21
704,pedro_gil1,mrree_uruguay,290,2020-06-17 11:09:25,2020-06-17 11:25:21
705,pedro_gil1,asambleave,290,2020-06-17 11:09:25,2020-06-17 11:25:21
706,uruguay_alboran,musictelecinco,291,2020-06-17 11:09:26,2020-06-17 11:25:21
707,uruguay_alboran,pabloalboran,291,2020-06-17 11:09:26,2020-06-17 11:25:21
708,dakarbot,laurentlazard1,292,2020-06-17 11:09:27,2020-06-17 11:25:21
709,sergiob68827032,miamalkova,293,2020-06-17 11:09:28,2020-06-17 11:25:21
710,aristizabalossa,noticiascaracol,294,2020-06-17 11:09:29,2020-06-17 11:25:21
711,lerma2u,cancilleriasv,295,2020-06-17 11:09:35,2020-06-17 11:25:21
712,lerma2u,nayibbukele,295,2020-06-17 11:09:35,2020-06-17 11:25:21
713,uniamericas,kathyg0429,296,2020-06-17 11:09:48,2020-06-17 11:25:21
714,uniamericas,uni_women,296,2020-06-17 11:09:48,2020-06-17 11:25:21
715,uniamericas,veronicauni,296,2020-06-17 11:09:48,2020-06-17 11:25:21
716,uniamericas,marcio_monzane,296,2020-06-17 11:09:48,2020-06-17 11:25:21
717,uniamericas,uniglobalunion,296,2020-06-17 11:09:48,2020-06-17 11:25:21
718,robertobennett1,elpaisuy,297,2020-06-17 11:09:57,2020-06-17 11:25:21
719,valita_uy,nehabnk,298,2020-06-17 11:09:58,2020-06-17 11:25:21
720,acercaciencia,anfibioscoana,299,2020-06-17 11:10:00,2020-06-17 11:25:21
721,nnccff27,ml_uruguay,300,2020-06-17 11:10:01,2020-06-17 11:25:21
722,nnccff27,ml_ayuda,300,2020-06-17 11:10:01,2020-06-17 11:25:21
723,coronelclaudio,sebasagus,301,2020-06-17 11:10:02,2020-06-17 11:25:21
724,coronelclaudio,laurentlazard1,301,2020-06-17 11:10:02,2020-06-17 11:25:21
725,josacouto1,permis0,302,2020-06-17 11:10:03,2020-06-17 11:25:21
726,josacouto1,portalmvd,302,2020-06-17 11:10:03,2020-06-17 11:25:21
727,josacouto1,noelrevello1,302,2020-06-17 11:10:03,2020-06-17 11:25:21
728,xavisol_,chelelei85,303,2020-06-17 11:10:06,2020-06-17 11:25:21
729,lanacionsv_,nayibbukele,304,2020-06-17 11:10:21,2020-06-17 11:25:21
730,ciencias_chile,anfibioscoana,305,2020-06-17 11:10:51,2020-06-17 11:25:21
731,elmonetta,el_pais,306,2020-06-17 11:10:58,2020-06-17 11:25:21
732,elmonetta,plan_ceibal,306,2020-06-17 11:10:58,2020-06-17 11:25:21
733,rivasbeatriz,ernesto_talvi,306,2020-06-17 11:10:58,2020-06-17 11:25:21
734,rivasbeatriz,asambleave,306,2020-06-17 11:10:58,2020-06-17 11:25:21
735,rivasbeatriz,mrree_uruguay,306,2020-06-17 11:10:58,2020-06-17 11:25:21
736,cosmostenebris,pearlolesbo,307,2020-06-17 11:11:26,2020-06-17 11:25:21
737,aelhordoy,championsleague,308,2020-06-17 11:11:30,2020-06-17 11:25:21
738,hugotanco,el_econ,309,2020-06-17 11:11:34,2020-06-17 11:25:21
739,jagraterol2,usembassyve,310,2020-06-17 11:11:36,2020-06-17 11:25:21
740,jagraterol2,secpompeo,310,2020-06-17 11:11:36,2020-06-17 11:25:21
741,jagraterol2,m1628,310,2020-06-17 11:11:36,2020-06-17 11:25:21
742,jagraterol2,mre_bolivia,310,2020-06-17 11:11:36,2020-06-17 11:25:21
743,jagraterol2,itamaraty_es,310,2020-06-17 11:11:36,2020-06-17 11:25:21
744,jagraterol2,whaasstsecty,310,2020-06-17 11:11:36,2020-06-17 11:25:21
745,jagraterol2,mrwarmaker,310,2020-06-17 11:11:36,2020-06-17 11:25:21
746,jagraterol2,abogadosvenezu1,310,2020-06-17 11:11:36,2020-06-17 11:25:21
747,jagraterol2,josecolinap,310,2020-06-17 11:11:36,2020-06-17 11:25:21
748,jagraterol2,unioneuropea,310,2020-06-17 11:11:36,2020-06-17 11:25:21
749,jagraterol2,mrree_uruguay,310,2020-06-17 11:11:36,2020-06-17 11:25:21
750,jagraterol2,jguaido,310,2020-06-17 11:11:36,2020-06-17 11:25:21
751,jagraterol2,pabloaure,310,2020-06-17 11:11:36,2020-06-17 11:25:21
752,jagraterol2,antonio_tajani,310,2020-06-17 11:11:36,2020-06-17 11:25:21
753,jagraterol2,earisteguieta,310,2020-06-17 11:11:36,2020-06-17 11:25:21
754,jagraterol2,usaenespanol,310,2020-06-17 11:11:36,2020-06-17 11:25:21
755,jagraterol2,masagadi,310,2020-06-17 11:11:36,2020-06-17 11:25:21
756,jagraterol2,ruedalo,310,2020-06-17 11:11:36,2020-06-17 11:25:21
757,jagraterol2,yasmincnunez,310,2020-06-17 11:11:36,2020-06-17 11:25:21
758,jagraterol2,csanchezberzain,310,2020-06-17 11:11:36,2020-06-17 11:25:21
759,jagraterol2,marcorubio,310,2020-06-17 11:11:36,2020-06-17 11:25:21
760,jagraterol2,vp,310,2020-06-17 11:11:36,2020-06-17 11:25:21
761,jagraterol2,almagro_oea2015,310,2020-06-17 11:11:36,2020-06-17 11:25:21
762,jagraterol2,europarl_es,310,2020-06-17 11:11:36,2020-06-17 11:25:21
763,jagraterol2,cancilleriacol,310,2020-06-17 11:11:36,2020-06-17 11:25:21
764,jagraterol2,amezgravis,310,2020-06-17 11:11:36,2020-06-17 11:25:21
765,jagraterol2,pburelli,310,2020-06-17 11:11:36,2020-06-17 11:25:21
766,jagraterol2,boris_noguera,310,2020-06-17 11:11:36,2020-06-17 11:25:21
767,jagraterol2,miguelmartint1,310,2020-06-17 11:11:36,2020-06-17 11:25:21
768,jagraterol2,adrianavigi,310,2020-06-17 11:11:36,2020-06-17 11:25:21
769,jagraterol2,mreparaguay,310,2020-06-17 11:11:36,2020-06-17 11:25:21
770,jagraterol2,micarratu,310,2020-06-17 11:11:36,2020-06-17 11:25:21
771,jagraterol2,normara03,310,2020-06-17 11:11:36,2020-06-17 11:25:21
772,jagraterol2,venezuela_gana,310,2020-06-17 11:11:36,2020-06-17 11:25:21
773,jagraterol2,oliverlopezcano,310,2020-06-17 11:11:36,2020-06-17 11:25:21
774,jagraterol2,realdonaldtrump,310,2020-06-17 11:11:36,2020-06-17 11:25:21
775,jagraterol2,jagraterol2,310,2020-06-17 11:11:36,2020-06-17 11:25:21
776,jagraterol2,fraccionan16j,310,2020-06-17 11:11:36,2020-06-17 11:25:21
777,comunicacionsv,aacelsalvador,311,2020-06-17 11:11:37,2020-06-17 11:25:21
778,comunicacionsv,cancilleriasv,311,2020-06-17 11:11:37,2020-06-17 11:25:21
779,comunicacionsv,cepasv,311,2020-06-17 11:11:37,2020-06-17 11:25:21
780,comunicacionsv,saludsv,311,2020-06-17 11:11:37,2020-06-17 11:25:21
781,comunicacionsv,miturelsalvador,311,2020-06-17 11:11:37,2020-06-17 11:25:21
782,comunicacionsv,migracion_sv,311,2020-06-17 11:11:37,2020-06-17 11:25:21
783,diegowassner,anfibioscoana,312,2020-06-17 11:11:48,2020-06-17 11:25:21
784,jagraterol2,marcorubio,313,2020-06-17 11:11:58,2020-06-17 11:25:21
785,jagraterol2,vp,313,2020-06-17 11:11:58,2020-06-17 11:25:21
786,jagraterol2,almagro_oea2015,313,2020-06-17 11:11:58,2020-06-17 11:25:21
787,jagraterol2,europarl_es,313,2020-06-17 11:11:58,2020-06-17 11:25:21
788,jagraterol2,cancilleriacol,313,2020-06-17 11:11:58,2020-06-17 11:25:21
789,jagraterol2,amezgravis,313,2020-06-17 11:11:58,2020-06-17 11:25:21
790,jagraterol2,pburelli,313,2020-06-17 11:11:58,2020-06-17 11:25:21
791,jagraterol2,boris_noguera,313,2020-06-17 11:11:58,2020-06-17 11:25:21
792,jagraterol2,miguelmartint1,313,2020-06-17 11:11:58,2020-06-17 11:25:21
793,jagraterol2,adrianavigi,313,2020-06-17 11:11:58,2020-06-17 11:25:21
794,jagraterol2,mreparaguay,313,2020-06-17 11:11:58,2020-06-17 11:25:21
795,jagraterol2,micarratu,313,2020-06-17 11:11:58,2020-06-17 11:25:21
796,jagraterol2,normara03,313,2020-06-17 11:11:58,2020-06-17 11:25:21
797,jagraterol2,venezuela_gana,313,2020-06-17 11:11:58,2020-06-17 11:25:21
798,jagraterol2,oliverlopezcano,313,2020-06-17 11:11:58,2020-06-17 11:25:21
799,jagraterol2,realdonaldtrump,313,2020-06-17 11:11:58,2020-06-17 11:25:21
800,jagraterol2,jagraterol2,313,2020-06-17 11:11:58,2020-06-17 11:25:21
801,jagraterol2,fraccionan16j,313,2020-06-17 11:11:58,2020-06-17 11:25:21
802,jagraterol2,usembassyve,313,2020-06-17 11:11:58,2020-06-17 11:25:21
803,jagraterol2,secpompeo,313,2020-06-17 11:11:58,2020-06-17 11:25:21
804,jagraterol2,m1628,313,2020-06-17 11:11:58,2020-06-17 11:25:21
805,jagraterol2,mre_bolivia,313,2020-06-17 11:11:58,2020-06-17 11:25:21
806,jagraterol2,itamaraty_es,313,2020-06-17 11:11:58,2020-06-17 11:25:21
807,jagraterol2,whaasstsecty,313,2020-06-17 11:11:58,2020-06-17 11:25:21
808,jagraterol2,mrwarmaker,313,2020-06-17 11:11:58,2020-06-17 11:25:21
809,jagraterol2,abogadosvenezu1,313,2020-06-17 11:11:58,2020-06-17 11:25:21
810,jagraterol2,josecolinap,313,2020-06-17 11:11:58,2020-06-17 11:25:21
811,jagraterol2,unioneuropea,313,2020-06-17 11:11:58,2020-06-17 11:25:21
812,jagraterol2,mrree_uruguay,313,2020-06-17 11:11:58,2020-06-17 11:25:21
813,jagraterol2,jguaido,313,2020-06-17 11:11:58,2020-06-17 11:25:21
814,jagraterol2,pabloaure,313,2020-06-17 11:11:58,2020-06-17 11:25:21
815,jagraterol2,antonio_tajani,313,2020-06-17 11:11:58,2020-06-17 11:25:21
816,jagraterol2,earisteguieta,313,2020-06-17 11:11:58,2020-06-17 11:25:21
817,jagraterol2,usaenespanol,313,2020-06-17 11:11:58,2020-06-17 11:25:21
818,jagraterol2,masagadi,313,2020-06-17 11:11:58,2020-06-17 11:25:21
819,jagraterol2,ruedalo,313,2020-06-17 11:11:58,2020-06-17 11:25:21
820,jagraterol2,yasmincnunez,313,2020-06-17 11:11:58,2020-06-17 11:25:21
821,jagraterol2,csanchezberzain,313,2020-06-17 11:11:58,2020-06-17 11:25:21
822,uruguay_jade,pabloalboran,314,2020-06-17 11:12:05,2020-06-17 11:25:21
823,nayibbukele,cancilleriasv,315,2020-06-17 11:12:08,2020-06-17 11:25:21
824,nayibbukele,nayibbukele,315,2020-06-17 11:12:08,2020-06-17 11:25:21
825,balcidebava,ecavaniofficial,316,2020-06-17 11:12:17,2020-06-17 11:25:21
826,jagraterol2,normara03,317,2020-06-17 11:12:28,2020-06-17 11:25:21
827,jagraterol2,venezuela_gana,317,2020-06-17 11:12:28,2020-06-17 11:25:21
828,jagraterol2,oliverlopezcano,317,2020-06-17 11:12:28,2020-06-17 11:25:21
829,jagraterol2,realdonaldtrump,317,2020-06-17 11:12:28,2020-06-17 11:25:21
830,jagraterol2,jagraterol2,317,2020-06-17 11:12:28,2020-06-17 11:25:21
831,jagraterol2,fraccionan16j,317,2020-06-17 11:12:28,2020-06-17 11:25:21
832,jagraterol2,usembassyve,317,2020-06-17 11:12:28,2020-06-17 11:25:21
833,jagraterol2,secpompeo,317,2020-06-17 11:12:28,2020-06-17 11:25:21
834,jagraterol2,m1628,317,2020-06-17 11:12:28,2020-06-17 11:25:21
835,jagraterol2,mre_bolivia,317,2020-06-17 11:12:28,2020-06-17 11:25:21
836,jagraterol2,itamaraty_es,317,2020-06-17 11:12:28,2020-06-17 11:25:21
837,jagraterol2,whaasstsecty,317,2020-06-17 11:12:28,2020-06-17 11:25:21
838,jagraterol2,mrwarmaker,317,2020-06-17 11:12:28,2020-06-17 11:25:21
839,jagraterol2,abogadosvenezu1,317,2020-06-17 11:12:28,2020-06-17 11:25:21
840,jagraterol2,josecolinap,317,2020-06-17 11:12:28,2020-06-17 11:25:21
841,jagraterol2,unioneuropea,317,2020-06-17 11:12:28,2020-06-17 11:25:21
842,jagraterol2,mrree_uruguay,317,2020-06-17 11:12:28,2020-06-17 11:25:21
843,jagraterol2,jguaido,317,2020-06-17 11:12:28,2020-06-17 11:25:21
844,jagraterol2,pabloaure,317,2020-06-17 11:12:28,2020-06-17 11:25:21
845,jagraterol2,antonio_tajani,317,2020-06-17 11:12:28,2020-06-17 11:25:21
846,jagraterol2,earisteguieta,317,2020-06-17 11:12:28,2020-06-17 11:25:21
847,jagraterol2,usaenespanol,317,2020-06-17 11:12:28,2020-06-17 11:25:21
848,jagraterol2,masagadi,317,2020-06-17 11:12:28,2020-06-17 11:25:21
849,jagraterol2,ruedalo,317,2020-06-17 11:12:28,2020-06-17 11:25:21
850,jagraterol2,yasmincnunez,317,2020-06-17 11:12:28,2020-06-17 11:25:21
851,jagraterol2,csanchezberzain,317,2020-06-17 11:12:28,2020-06-17 11:25:21
852,jagraterol2,marcorubio,317,2020-06-17 11:12:28,2020-06-17 11:25:21
853,jagraterol2,vp,317,2020-06-17 11:12:28,2020-06-17 11:25:21
854,jagraterol2,almagro_oea2015,317,2020-06-17 11:12:28,2020-06-17 11:25:21
855,jagraterol2,europarl_es,317,2020-06-17 11:12:28,2020-06-17 11:25:21
856,arbustait,trafigura,317,2020-06-17 11:12:28,2020-06-17 11:25:21
857,jagraterol2,cancilleriacol,317,2020-06-17 11:12:28,2020-06-17 11:25:21
858,jagraterol2,amezgravis,317,2020-06-17 11:12:28,2020-06-17 11:25:21
859,jagraterol2,pburelli,317,2020-06-17 11:12:28,2020-06-17 11:25:21
860,jagraterol2,boris_noguera,317,2020-06-17 11:12:28,2020-06-17 11:25:21
861,jagraterol2,miguelmartint1,317,2020-06-17 11:12:28,2020-06-17 11:25:21
862,jagraterol2,adrianavigi,317,2020-06-17 11:12:28,2020-06-17 11:25:21
863,jagraterol2,mreparaguay,317,2020-06-17 11:12:28,2020-06-17 11:25:21
864,jagraterol2,micarratu,317,2020-06-17 11:12:28,2020-06-17 11:25:21
865,pickandrollweb,jonyslider,318,2020-06-17 11:12:40,2020-06-17 11:25:21
866,clarisacla1,nahuelareco,319,2020-06-17 11:12:48,2020-06-17 11:25:21
867,clarisacla1,liomontiel,319,2020-06-17 11:12:48,2020-06-17 11:25:21
868,jagraterol2,mrree_uruguay,320,2020-06-17 11:12:51,2020-06-17 11:25:21
869,jagraterol2,jguaido,320,2020-06-17 11:12:51,2020-06-17 11:25:21
870,jagraterol2,pabloaure,320,2020-06-17 11:12:51,2020-06-17 11:25:21
871,jagraterol2,antonio_tajani,320,2020-06-17 11:12:51,2020-06-17 11:25:21
872,jagraterol2,earisteguieta,320,2020-06-17 11:12:51,2020-06-17 11:25:21
873,jagraterol2,usaenespanol,320,2020-06-17 11:12:51,2020-06-17 11:25:21
874,jagraterol2,masagadi,320,2020-06-17 11:12:51,2020-06-17 11:25:21
875,jagraterol2,ruedalo,320,2020-06-17 11:12:51,2020-06-17 11:25:21
876,jagraterol2,yasmincnunez,320,2020-06-17 11:12:51,2020-06-17 11:25:21
877,jagraterol2,csanchezberzain,320,2020-06-17 11:12:51,2020-06-17 11:25:21
878,jagraterol2,marcorubio,320,2020-06-17 11:12:51,2020-06-17 11:25:21
879,jagraterol2,vp,320,2020-06-17 11:12:51,2020-06-17 11:25:21
880,jagraterol2,almagro_oea2015,320,2020-06-17 11:12:51,2020-06-17 11:25:21
881,jagraterol2,europarl_es,320,2020-06-17 11:12:51,2020-06-17 11:25:21
882,jagraterol2,cancilleriacol,320,2020-06-17 11:12:51,2020-06-17 11:25:21
883,jagraterol2,amezgravis,320,2020-06-17 11:12:51,2020-06-17 11:25:21
884,jagraterol2,pburelli,320,2020-06-17 11:12:51,2020-06-17 11:25:21
885,jagraterol2,boris_noguera,320,2020-06-17 11:12:51,2020-06-17 11:25:21
886,jagraterol2,miguelmartint1,320,2020-06-17 11:12:51,2020-06-17 11:25:21
887,jagraterol2,adrianavigi,320,2020-06-17 11:12:51,2020-06-17 11:25:21
888,jagraterol2,mreparaguay,320,2020-06-17 11:12:51,2020-06-17 11:25:21
889,jagraterol2,micarratu,320,2020-06-17 11:12:51,2020-06-17 11:25:21
890,jagraterol2,normara03,320,2020-06-17 11:12:51,2020-06-17 11:25:21
891,jagraterol2,venezuela_gana,320,2020-06-17 11:12:51,2020-06-17 11:25:21
892,jagraterol2,oliverlopezcano,320,2020-06-17 11:12:51,2020-06-17 11:25:21
893,jagraterol2,realdonaldtrump,320,2020-06-17 11:12:51,2020-06-17 11:25:21
894,jagraterol2,jagraterol2,320,2020-06-17 11:12:51,2020-06-17 11:25:21
895,jagraterol2,fraccionan16j,320,2020-06-17 11:12:51,2020-06-17 11:25:21
896,jagraterol2,usembassyve,320,2020-06-17 11:12:51,2020-06-17 11:25:21
897,jagraterol2,secpompeo,320,2020-06-17 11:12:51,2020-06-17 11:25:21
898,jagraterol2,m1628,320,2020-06-17 11:12:51,2020-06-17 11:25:21
899,jagraterol2,mre_bolivia,320,2020-06-17 11:12:51,2020-06-17 11:25:21
900,jagraterol2,itamaraty_es,320,2020-06-17 11:12:51,2020-06-17 11:25:21
901,jagraterol2,whaasstsecty,320,2020-06-17 11:12:51,2020-06-17 11:25:21
902,jagraterol2,mrwarmaker,320,2020-06-17 11:12:51,2020-06-17 11:25:21
903,jagraterol2,abogadosvenezu1,320,2020-06-17 11:12:51,2020-06-17 11:25:21
904,jagraterol2,josecolinap,320,2020-06-17 11:12:51,2020-06-17 11:25:21
905,jagraterol2,unioneuropea,320,2020-06-17 11:12:51,2020-06-17 11:25:21
906,tu_tiburonsv,cepasv,321,2020-06-17 11:12:55,2020-06-17 11:25:21
907,tu_tiburonsv,saludsv,321,2020-06-17 11:12:55,2020-06-17 11:25:21
908,tu_tiburonsv,miturelsalvador,321,2020-06-17 11:12:55,2020-06-17 11:25:21
909,tu_tiburonsv,migracion_sv,321,2020-06-17 11:12:55,2020-06-17 11:25:21
910,tu_tiburonsv,cancilleriasv,321,2020-06-17 11:12:55,2020-06-17 11:25:21
911,tu_tiburonsv,aacelsalvador,321,2020-06-17 11:12:55,2020-06-17 11:25:21
912,carolin10320676,noticiascaracol,322,2020-06-17 11:13:05,2020-06-17 11:25:21
913,miturelsalvador,migracion_sv,323,2020-06-17 11:13:11,2020-06-17 11:25:21
914,jagraterol2,pburelli,323,2020-06-17 11:13:11,2020-06-17 11:25:21
915,jagraterol2,boris_noguera,323,2020-06-17 11:13:11,2020-06-17 11:25:21
916,jagraterol2,miguelmartint1,323,2020-06-17 11:13:11,2020-06-17 11:25:21
917,jagraterol2,adrianavigi,323,2020-06-17 11:13:11,2020-06-17 11:25:21
918,jagraterol2,mreparaguay,323,2020-06-17 11:13:11,2020-06-17 11:25:21
919,jagraterol2,micarratu,323,2020-06-17 11:13:11,2020-06-17 11:25:21
920,jagraterol2,normara03,323,2020-06-17 11:13:11,2020-06-17 11:25:21
921,jagraterol2,venezuela_gana,323,2020-06-17 11:13:11,2020-06-17 11:25:21
922,jagraterol2,oliverlopezcano,323,2020-06-17 11:13:11,2020-06-17 11:25:21
923,miturelsalvador,cancilleriasv,323,2020-06-17 11:13:11,2020-06-17 11:25:21
924,jagraterol2,realdonaldtrump,323,2020-06-17 11:13:11,2020-06-17 11:25:21
925,jagraterol2,jagraterol2,323,2020-06-17 11:13:11,2020-06-17 11:25:21
926,jagraterol2,fraccionan16j,323,2020-06-17 11:13:11,2020-06-17 11:25:21
927,jagraterol2,usembassyve,323,2020-06-17 11:13:11,2020-06-17 11:25:21
928,jagraterol2,secpompeo,323,2020-06-17 11:13:11,2020-06-17 11:25:21
929,jagraterol2,m1628,323,2020-06-17 11:13:11,2020-06-17 11:25:21
930,jagraterol2,mre_bolivia,323,2020-06-17 11:13:11,2020-06-17 11:25:21
931,jagraterol2,itamaraty_es,323,2020-06-17 11:13:11,2020-06-17 11:25:21
932,jagraterol2,whaasstsecty,323,2020-06-17 11:13:11,2020-06-17 11:25:21
933,jagraterol2,mrwarmaker,323,2020-06-17 11:13:11,2020-06-17 11:25:21
934,miturelsalvador,aacelsalvador,323,2020-06-17 11:13:11,2020-06-17 11:25:21
935,jagraterol2,abogadosvenezu1,323,2020-06-17 11:13:11,2020-06-17 11:25:21
936,jagraterol2,josecolinap,323,2020-06-17 11:13:11,2020-06-17 11:25:21
937,jagraterol2,unioneuropea,323,2020-06-17 11:13:11,2020-06-17 11:25:21
938,jagraterol2,mrree_uruguay,323,2020-06-17 11:13:11,2020-06-17 11:25:21
939,jagraterol2,jguaido,323,2020-06-17 11:13:11,2020-06-17 11:25:21
940,jagraterol2,pabloaure,323,2020-06-17 11:13:11,2020-06-17 11:25:21
941,jagraterol2,antonio_tajani,323,2020-06-17 11:13:11,2020-06-17 11:25:21
942,jagraterol2,earisteguieta,323,2020-06-17 11:13:11,2020-06-17 11:25:21
943,jagraterol2,usaenespanol,323,2020-06-17 11:13:11,2020-06-17 11:25:21
944,jagraterol2,masagadi,323,2020-06-17 11:13:11,2020-06-17 11:25:21
945,jagraterol2,ruedalo,323,2020-06-17 11:13:11,2020-06-17 11:25:21
946,jagraterol2,yasmincnunez,323,2020-06-17 11:13:11,2020-06-17 11:25:21
947,jagraterol2,csanchezberzain,323,2020-06-17 11:13:11,2020-06-17 11:25:21
948,jagraterol2,marcorubio,323,2020-06-17 11:13:11,2020-06-17 11:25:21
949,jagraterol2,vp,323,2020-06-17 11:13:11,2020-06-17 11:25:21
950,jagraterol2,almagro_oea2015,323,2020-06-17 11:13:11,2020-06-17 11:25:21
951,miturelsalvador,cepasv,323,2020-06-17 11:13:11,2020-06-17 11:25:21
952,miturelsalvador,saludsv,323,2020-06-17 11:13:11,2020-06-17 11:25:21
953,jagraterol2,europarl_es,323,2020-06-17 11:13:11,2020-06-17 11:25:21
954,miturelsalvador,miturelsalvador,323,2020-06-17 11:13:11,2020-06-17 11:25:21
955,jagraterol2,cancilleriacol,323,2020-06-17 11:13:11,2020-06-17 11:25:21
956,jagraterol2,amezgravis,323,2020-06-17 11:13:11,2020-06-17 11:25:21
957,nnccff27,ml_ayuda,324,2020-06-17 11:13:17,2020-06-17 11:25:21
958,nnccff27,ml_uruguay,324,2020-06-17 11:13:17,2020-06-17 11:25:21
959,ari_graziani,gmail,325,2020-06-17 11:13:24,2020-06-17 11:25:21
960,noveles_cfe,anep_uruguay,326,2020-06-17 11:13:34,2020-06-17 11:25:21
961,noveles_cfe,cfe_anep,326,2020-06-17 11:13:34,2020-06-17 11:25:21
962,chrislozanocali,noticiascaracol,327,2020-06-17 11:13:41,2020-06-17 11:25:21
963,nancyberrondo1,marina382,328,2020-06-17 11:13:43,2020-06-17 11:25:21
964,nancyberrondo1,el_pais,328,2020-06-17 11:13:43,2020-06-17 11:25:21
965,siul2025,cyrus_kuba,329,2020-06-17 11:13:51,2020-06-17 11:25:21
966,romulomchenlo,ladiaria,330,2020-06-17 11:13:52,2020-06-17 11:25:21
967,adriantomasina,galicia_casa,331,2020-06-17 11:13:55,2020-06-17 11:25:21
968,robloxn37207228,cf_crystalsims,332,2020-06-17 11:13:59,2020-06-17 11:25:21
969,federicodossan9,telemundouy,333,2020-06-17 11:14:03,2020-06-17 11:25:21
970,luz_maguita,aacelsalvador,334,2020-06-17 11:14:06,2020-06-17 11:25:21
971,luz_maguita,cepasv,334,2020-06-17 11:14:06,2020-06-17 11:25:21
972,luz_maguita,saludsv,334,2020-06-17 11:14:06,2020-06-17 11:25:21
973,luz_maguita,miturelsalvador,334,2020-06-17 11:14:06,2020-06-17 11:25:21
974,luz_maguita,migracion_sv,334,2020-06-17 11:14:06,2020-06-17 11:25:21
975,luz_maguita,cancilleriasv,334,2020-06-17 11:14:06,2020-06-17 11:25:21
976,esp_smith,cancilleriasv,335,2020-06-17 11:14:10,2020-06-17 11:25:21
977,esp_smith,nayibbukele,335,2020-06-17 11:14:10,2020-06-17 11:25:21
978,microagencia,palamago,336,2020-06-17 11:14:11,2020-06-17 11:25:21
979,reinamadrigal,nayibbukele,337,2020-06-17 11:14:18,2020-06-17 11:25:21
980,reinamadrigal,cancilleriasv,337,2020-06-17 11:14:18,2020-06-17 11:25:21
981,laurensmith1678,cancilleriasv,338,2020-06-17 11:14:32,2020-06-17 11:25:21
982,laurensmith1678,nayibbukele,338,2020-06-17 11:14:32,2020-06-17 11:25:21
983,wddonayre,martinvizcarrac,339,2020-06-17 11:14:33,2020-06-17 11:25:21
984,almugbravo,presentes_docu,340,2020-06-17 11:14:46,2020-06-17 11:25:21
985,drdaredevil2,nickymarquez1,341,2020-06-17 11:14:47,2020-06-17 11:25:21
986,drdaredevil2,agustinlaje,341,2020-06-17 11:14:47,2020-06-17 11:25:21
987,mnicazamoramon2,elbiomonegal,342,2020-06-17 11:15:01,2020-06-17 11:25:21
988,mnicazamoramon2,juvandia,342,2020-06-17 11:15:01,2020-06-17 11:25:21
989,mnicazamoramon2,la_bancaria,342,2020-06-17 11:15:01,2020-06-17 11:25:21
990,mnicazamoramon2,uniamericas,342,2020-06-17 11:15:01,2020-06-17 11:25:21
991,mnicazamoramon2,guimaffeo,342,2020-06-17 11:15:01,2020-06-17 11:25:21
992,mnicazamoramon2,sergioopalazzo,342,2020-06-17 11:15:01,2020-06-17 11:25:21
993,mnicazamoramon2,aebu_uruguay,342,2020-06-17 11:15:01,2020-06-17 11:25:21
994,mlarga,uniglobalunion,343,2020-06-17 11:15:10,2020-06-17 11:25:21
995,mlarga,kathyg0429,343,2020-06-17 11:15:10,2020-06-17 11:25:21
996,mlarga,uni_women,343,2020-06-17 11:15:10,2020-06-17 11:25:21
997,mlarga,marcio_monzane,343,2020-06-17 11:15:10,2020-06-17 11:25:21
998,giancedenom,jaimefmacias,344,2020-06-17 11:15:11,2020-06-17 11:25:21
999,giancedenom,uruguay,344,2020-06-17 11:15:11,2020-06-17 11:25:21
1000,giancedenom,ldu_nicolas,344,2020-06-17 11:15:11,2020-06-17 11:25:21
1001,giancedenom,eiprimercampeon,344,2020-06-17 11:15:11,2020-06-17 11:25:21
1002,giancedenom,independiente,344,2020-06-17 11:15:11,2020-06-17 11:25:21
1003,giancedenom,ldu_oficial,344,2020-06-17 11:15:11,2020-06-17 11:25:21
1004,julianxsupuesto,sebas9les,345,2020-06-17 11:15:13,2020-06-17 11:25:21
1005,julianxsupuesto,jose_bazan,345,2020-06-17 11:15:13,2020-06-17 11:25:21
1006,julianxsupuesto,ch_vizcarra,345,2020-06-17 11:15:13,2020-06-17 11:25:21
1007,julianxsupuesto,elpeysa,345,2020-06-17 11:15:13,2020-06-17 11:25:21
1008,julianxsupuesto,elpipadelapau,345,2020-06-17 11:15:13,2020-06-17 11:25:21
1009,timbafin,el_econ,346,2020-06-17 11:15:33,2020-06-17 11:25:21
1010,brenvelazquezzz,panzaverdee,347,2020-06-17 11:15:37,2020-06-17 11:25:21
1011,brenvelazquezzz,pibeless_fucka,347,2020-06-17 11:15:37,2020-06-17 11:25:21
1012,brenvelazquezzz,rxnata_,347,2020-06-17 11:15:37,2020-06-17 11:25:21
1013,brenvelazquezzz,k1myyu,347,2020-06-17 11:15:37,2020-06-17 11:25:21
1014,brenvelazquezzz,aldana_a_,347,2020-06-17 11:15:37,2020-06-17 11:25:21
1015,elsy95941311,blandonjose,348,2020-06-17 11:15:42,2020-06-17 11:25:21
1016,vinagremtua,larepublica_pe,349,2020-06-17 11:15:52,2020-06-17 11:25:21
1017,laurentlazard1,laurentlazard1,350,2020-06-17 11:15:58,2020-06-17 11:25:21
1018,laurentlazard1,sebasagus,350,2020-06-17 11:15:58,2020-06-17 11:25:21
1019,elguapo282,fanch_mrl,351,2020-06-17 11:16:02,2020-06-17 11:25:21
1020,elguapo282,vnavrants,351,2020-06-17 11:16:02,2020-06-17 11:25:21
1021,elguapo282,fefeuom,351,2020-06-17 11:16:02,2020-06-17 11:25:21
1022,gvalka,unidadvenezuela,352,2020-06-17 11:16:04,2020-06-17 11:25:21
1023,gvalka,mrree_uruguay,352,2020-06-17 11:16:04,2020-06-17 11:25:21
1024,gvalka,asambleave,352,2020-06-17 11:16:04,2020-06-17 11:25:21
1025,gvalka,diplomaciave_es,352,2020-06-17 11:16:04,2020-06-17 11:25:21
1026,gvalka,ernesto_talvi,352,2020-06-17 11:16:04,2020-06-17 11:25:21
1027,macrui_d,mkguliford,353,2020-06-17 11:16:16,2020-06-17 11:25:21
1028,adorninegro,nickymarquez1,354,2020-06-17 11:16:18,2020-06-17 11:25:21
1029,adorninegro,agustinlaje,354,2020-06-17 11:16:18,2020-06-17 11:25:21
1030,ulises_diaz2,roocioor,355,2020-06-17 11:16:23,2020-06-17 11:25:21
1031,ernestojj23,cancilleriasv,356,2020-06-17 11:16:41,2020-06-17 11:25:21
1032,ernestojj23,nayibbukele,356,2020-06-17 11:16:41,2020-06-17 11:25:21
1033,cristian_and201,omarbula,357,2020-06-17 11:16:44,2020-06-17 11:25:21
1034,cristian_and201,geopolytica,357,2020-06-17 11:16:44,2020-06-17 11:25:21
1035,cristian_and201,mariafdacabal,357,2020-06-17 11:16:44,2020-06-17 11:25:21
1036,cristian_and201,ivanduque,357,2020-06-17 11:16:44,2020-06-17 11:25:21
1037,zarecesar,martinvizcarrac,358,2020-06-17 11:17:05,2020-06-17 11:25:21
1038,normanvhenrich,jesicatritten,359,2020-06-17 11:17:07,2020-06-17 11:25:21
1039,normanvhenrich,facucubero,359,2020-06-17 11:17:07,2020-06-17 11:25:21
1040,normanvhenrich,ecarpanessi,359,2020-06-17 11:17:07,2020-06-17 11:25:21
1041,normanvhenrich,mauriphototeach,359,2020-06-17 11:17:07,2020-06-17 11:25:21
1042,normanvhenrich,franciscopunzi,359,2020-06-17 11:17:07,2020-06-17 11:25:21
1043,gusbassi,aufoficial,360,2020-06-17 11:17:14,2020-06-17 11:25:21
1044,gusbassi,afa,360,2020-06-17 11:17:14,2020-06-17 11:25:21
1045,gusbassi,brazilsoccer,360,2020-06-17 11:17:14,2020-06-17 11:25:21
1046,femeninared,cyrus_kuba,361,2020-06-17 11:17:22,2020-06-17 11:25:21
1047,adrianabravista,subrayado,362,2020-06-17 11:17:27,2020-06-17 11:25:21
1048,adrianabravista,carlito39723301,362,2020-06-17 11:17:27,2020-06-17 11:25:21
1049,adrianabravista,jorgemamo01,362,2020-06-17 11:17:27,2020-06-17 11:25:21
1050,adrianabravista,alanissoyyo,362,2020-06-17 11:17:27,2020-06-17 11:25:21
1051,eaa_03,martinvizcarrac,363,2020-06-17 11:18:05,2020-06-17 11:25:21
1052,nhinhitrn3,ygofficialblink,364,2020-06-17 11:18:10,2020-06-17 11:25:21
1053,silvia93540871,cancilleriasv,365,2020-06-17 11:18:11,2020-06-17 11:25:21
1054,silvia93540871,nayibbukele,365,2020-06-17 11:18:11,2020-06-17 11:25:21
1055,tluteistet,cancilleriasv,366,2020-06-17 11:18:25,2020-06-17 11:25:21
1056,tluteistet,nayibbukele,366,2020-06-17 11:18:25,2020-06-17 11:25:21
1057,eesaeneeuu,aacelsalvador,367,2020-06-17 11:18:30,2020-06-17 11:25:21
1058,eesaeneeuu,cancilleriasv,367,2020-06-17 11:18:30,2020-06-17 11:25:21
1059,eesaeneeuu,cepasv,367,2020-06-17 11:18:30,2020-06-17 11:25:21
1060,eesaeneeuu,saludsv,367,2020-06-17 11:18:30,2020-06-17 11:25:21
1061,eesaeneeuu,miturelsalvador,367,2020-06-17 11:18:30,2020-06-17 11:25:21
1062,eesaeneeuu,migracion_sv,367,2020-06-17 11:18:30,2020-06-17 11:25:21
1063,cris79diego12,laurentlazard1,368,2020-06-17 11:18:31,2020-06-17 11:25:21
1064,cris79diego12,sebasagus,368,2020-06-17 11:18:31,2020-06-17 11:25:21
1065,polacomendez,cancilleriasv,369,2020-06-17 11:18:50,2020-06-17 11:25:21
1066,polacomendez,nayibbukele,369,2020-06-17 11:18:50,2020-06-17 11:25:21
1067,lazzkopat10,t24comtr,370,2020-06-17 11:18:55,2020-06-17 11:25:21
1068,lazzkopat10,saimtkngl,370,2020-06-17 11:18:55,2020-06-17 11:25:21
1069,ladiaria,revistalento,371,2020-06-17 11:19:02,2020-06-17 11:25:21
1070,ladiaria,gabrielquirici,371,2020-06-17 11:19:02,2020-06-17 11:25:21
1071,chavezmercury,cancilleriasv,372,2020-06-17 11:19:22,2020-06-17 11:25:21
1072,chavezmercury,nayibbukele,372,2020-06-17 11:19:22,2020-06-17 11:25:21
1073,mr_rossi2000,hugorbalassone,373,2020-06-17 11:19:24,2020-06-17 11:25:21
1074,mr_rossi2000,gustavohlopez,373,2020-06-17 11:19:24,2020-06-17 11:25:21
1075,palomaf56064721,cancilleriasv,374,2020-06-17 11:19:29,2020-06-17 11:25:21
1076,palomaf56064721,nayibbukele,374,2020-06-17 11:19:29,2020-06-17 11:25:21
1077,klauss62594494,pau_sica,375,2020-06-17 11:19:35,2020-06-17 11:25:21
1078,miranda42256527,abogadosvenezu1,376,2020-06-17 11:19:39,2020-06-17 11:25:21
1079,miranda42256527,josecolinap,376,2020-06-17 11:19:39,2020-06-17 11:25:21
1080,miranda42256527,unioneuropea,376,2020-06-17 11:19:39,2020-06-17 11:25:21
1081,miranda42256527,jguaido,376,2020-06-17 11:19:39,2020-06-17 11:25:21
1082,miranda42256527,pabloaure,376,2020-06-17 11:19:39,2020-06-17 11:25:21
1083,miranda42256527,antonio_tajani,376,2020-06-17 11:19:39,2020-06-17 11:25:21
1084,miranda42256527,earisteguieta,376,2020-06-17 11:19:39,2020-06-17 11:25:21
1085,miranda42256527,usaenespanol,376,2020-06-17 11:19:39,2020-06-17 11:25:21
1086,miranda42256527,masagadi,376,2020-06-17 11:19:39,2020-06-17 11:25:21
1087,miranda42256527,ruedalo,376,2020-06-17 11:19:39,2020-06-17 11:25:21
1088,miranda42256527,yasmincnunez,376,2020-06-17 11:19:39,2020-06-17 11:25:21
1089,miranda42256527,csanchezberzain,376,2020-06-17 11:19:39,2020-06-17 11:25:21
1090,miranda42256527,vp,376,2020-06-17 11:19:39,2020-06-17 11:25:21
1091,miranda42256527,marcorubio,376,2020-06-17 11:19:39,2020-06-17 11:25:21
1092,miranda42256527,mrree_uruguay,376,2020-06-17 11:19:39,2020-06-17 11:25:21
1093,miranda42256527,almagro_oea2015,376,2020-06-17 11:19:39,2020-06-17 11:25:21
1094,miranda42256527,europarl_es,376,2020-06-17 11:19:39,2020-06-17 11:25:21
1095,miranda42256527,cancilleriacol,376,2020-06-17 11:19:39,2020-06-17 11:25:21
1096,miranda42256527,amezgravis,376,2020-06-17 11:19:39,2020-06-17 11:25:21
1097,miranda42256527,pburelli,376,2020-06-17 11:19:39,2020-06-17 11:25:21
1098,miranda42256527,boris_noguera,376,2020-06-17 11:19:39,2020-06-17 11:25:21
1099,miranda42256527,miguelmartint1,376,2020-06-17 11:19:39,2020-06-17 11:25:21
1100,miranda42256527,adrianavigi,376,2020-06-17 11:19:39,2020-06-17 11:25:21
1101,miranda42256527,mreparaguay,376,2020-06-17 11:19:39,2020-06-17 11:25:21
1102,miranda42256527,micarratu,376,2020-06-17 11:19:39,2020-06-17 11:25:21
1103,miranda42256527,normara03,376,2020-06-17 11:19:39,2020-06-17 11:25:21
1104,miranda42256527,venezuela_gana,376,2020-06-17 11:19:39,2020-06-17 11:25:21
1105,miranda42256527,oliverlopezcano,376,2020-06-17 11:19:39,2020-06-17 11:25:21
1106,miranda42256527,realdonaldtrump,376,2020-06-17 11:19:39,2020-06-17 11:25:21
1107,miranda42256527,jagraterol2,376,2020-06-17 11:19:39,2020-06-17 11:25:21
1108,miranda42256527,fraccionan16j,376,2020-06-17 11:19:39,2020-06-17 11:25:21
1109,miranda42256527,usembassyve,376,2020-06-17 11:19:39,2020-06-17 11:25:21
1110,miranda42256527,secpompeo,376,2020-06-17 11:19:39,2020-06-17 11:25:21
1111,miranda42256527,m1628,376,2020-06-17 11:19:39,2020-06-17 11:25:21
1112,miranda42256527,mre_bolivia,376,2020-06-17 11:19:39,2020-06-17 11:25:21
1113,miranda42256527,itamaraty_es,376,2020-06-17 11:19:39,2020-06-17 11:25:21
1114,miranda42256527,whaasstsecty,376,2020-06-17 11:19:39,2020-06-17 11:25:21
1115,miranda42256527,mrwarmaker,376,2020-06-17 11:19:39,2020-06-17 11:25:21
1116,cruzadavi,asambleave,377,2020-06-17 11:19:54,2020-06-17 11:25:21
1117,cruzadavi,ernesto_talvi,377,2020-06-17 11:19:54,2020-06-17 11:25:21
1118,cruzadavi,mrree_uruguay,377,2020-06-17 11:19:54,2020-06-17 11:25:21
1119,gperez1891,sofemna,378,2020-06-17 11:20:12,2020-06-17 11:25:21
1120,gperez1891,hectorje1969,378,2020-06-17 11:20:12,2020-06-17 11:25:21
1121,diarioinstante,cancilleriasv,379,2020-06-17 11:20:14,2020-06-17 11:25:21
1122,diarioinstante,nayibbukele,379,2020-06-17 11:20:14,2020-06-17 11:25:21
1123,m3m3ntomori,pburelli,380,2020-06-17 11:20:34,2020-06-17 11:25:21
1124,m3m3ntomori,boris_noguera,380,2020-06-17 11:20:34,2020-06-17 11:25:21
1125,m3m3ntomori,miguelmartint1,380,2020-06-17 11:20:34,2020-06-17 11:25:21
1126,m3m3ntomori,adrianavigi,380,2020-06-17 11:20:34,2020-06-17 11:25:21
1127,m3m3ntomori,mreparaguay,380,2020-06-17 11:20:34,2020-06-17 11:25:21
1128,m3m3ntomori,micarratu,380,2020-06-17 11:20:34,2020-06-17 11:25:21
1129,m3m3ntomori,normara03,380,2020-06-17 11:20:34,2020-06-17 11:25:21
1130,m3m3ntomori,venezuela_gana,380,2020-06-17 11:20:34,2020-06-17 11:25:21
1131,m3m3ntomori,oliverlopezcano,380,2020-06-17 11:20:34,2020-06-17 11:25:21
1132,m3m3ntomori,realdonaldtrump,380,2020-06-17 11:20:34,2020-06-17 11:25:21
1133,m3m3ntomori,jagraterol2,380,2020-06-17 11:20:34,2020-06-17 11:25:21
1134,m3m3ntomori,fraccionan16j,380,2020-06-17 11:20:34,2020-06-17 11:25:21
1135,m3m3ntomori,usembassyve,380,2020-06-17 11:20:34,2020-06-17 11:25:21
1136,m3m3ntomori,secpompeo,380,2020-06-17 11:20:34,2020-06-17 11:25:21
1137,m3m3ntomori,m1628,380,2020-06-17 11:20:34,2020-06-17 11:25:21
1138,m3m3ntomori,mre_bolivia,380,2020-06-17 11:20:34,2020-06-17 11:25:21
1139,m3m3ntomori,itamaraty_es,380,2020-06-17 11:20:34,2020-06-17 11:25:21
1140,m3m3ntomori,whaasstsecty,380,2020-06-17 11:20:34,2020-06-17 11:25:21
1141,m3m3ntomori,mrwarmaker,380,2020-06-17 11:20:34,2020-06-17 11:25:21
1142,m3m3ntomori,abogadosvenezu1,380,2020-06-17 11:20:34,2020-06-17 11:25:21
1143,m3m3ntomori,josecolinap,380,2020-06-17 11:20:34,2020-06-17 11:25:21
1144,m3m3ntomori,unioneuropea,380,2020-06-17 11:20:34,2020-06-17 11:25:21
1145,m3m3ntomori,jguaido,380,2020-06-17 11:20:34,2020-06-17 11:25:21
1146,m3m3ntomori,pabloaure,380,2020-06-17 11:20:34,2020-06-17 11:25:21
1147,m3m3ntomori,antonio_tajani,380,2020-06-17 11:20:34,2020-06-17 11:25:21
1148,m3m3ntomori,earisteguieta,380,2020-06-17 11:20:34,2020-06-17 11:25:21
1149,m3m3ntomori,usaenespanol,380,2020-06-17 11:20:34,2020-06-17 11:25:21
1150,m3m3ntomori,masagadi,380,2020-06-17 11:20:34,2020-06-17 11:25:21
1151,m3m3ntomori,ruedalo,380,2020-06-17 11:20:34,2020-06-17 11:25:21
1152,m3m3ntomori,yasmincnunez,380,2020-06-17 11:20:34,2020-06-17 11:25:21
1153,m3m3ntomori,csanchezberzain,380,2020-06-17 11:20:34,2020-06-17 11:25:21
1154,m3m3ntomori,vp,380,2020-06-17 11:20:34,2020-06-17 11:25:21
1155,m3m3ntomori,marcorubio,380,2020-06-17 11:20:34,2020-06-17 11:25:21
1156,m3m3ntomori,mrree_uruguay,380,2020-06-17 11:20:34,2020-06-17 11:25:21
1157,m3m3ntomori,almagro_oea2015,380,2020-06-17 11:20:34,2020-06-17 11:25:21
1158,m3m3ntomori,europarl_es,380,2020-06-17 11:20:34,2020-06-17 11:25:21
1159,m3m3ntomori,cancilleriacol,380,2020-06-17 11:20:34,2020-06-17 11:25:21
1160,m3m3ntomori,amezgravis,380,2020-06-17 11:20:34,2020-06-17 11:25:21
1161,hpdnoticias,cancilleriasv,381,2020-06-17 11:20:44,2020-06-17 11:25:21
1162,matiruizph,ladiaria,382,2020-06-17 11:20:48,2020-06-17 11:25:21
1163,jonabordoni,ceci_2812,383,2020-06-17 11:21:11,2020-06-17 11:25:21
1164,jonabordoni,ramirolachicana,383,2020-06-17 11:21:11,2020-06-17 11:25:21
1165,jonabordoni,auvo2,383,2020-06-17 11:21:11,2020-06-17 11:25:21
1166,jonabordoni,jonabordoni,383,2020-06-17 11:21:11,2020-06-17 11:25:21
1167,jonabordoni,mrosasosa,383,2020-06-17 11:21:11,2020-06-17 11:25:21
1168,sims4_missworld,thesims,384,2020-06-17 11:21:18,2020-06-17 11:25:21
1169,sims4_missworld,simscreatorscom,384,2020-06-17 11:21:18,2020-06-17 11:25:21
1170,sims4_missworld,thesimcommunity,384,2020-06-17 11:21:18,2020-06-17 11:25:21
1171,gsalvitano,alferdez,385,2020-06-17 11:21:24,2020-06-17 11:25:21
1172,gsalvitano,pajaroenciso,385,2020-06-17 11:21:24,2020-06-17 11:25:21
1173,jeipig,satoshitango,386,2020-06-17 11:21:26,2020-06-17 11:25:21
1174,jeipig,bitexla,386,2020-06-17 11:21:26,2020-06-17 11:25:21
1175,jeipig,btcenespanol,386,2020-06-17 11:21:26,2020-06-17 11:25:21
1176,chicapatata99,sinae_oficial,387,2020-06-17 11:21:33,2020-06-17 11:25:21
1177,mutual_uru,uruguay,388,2020-06-17 11:21:37,2020-06-17 11:25:21
1178,mutual_uru,canastasuy,388,2020-06-17 11:21:37,2020-06-17 11:25:21
1179,gonzaadeleon19,canastasuy,389,2020-06-17 11:21:53,2020-06-17 11:25:21
1180,gonzaadeleon19,uruguay,389,2020-06-17 11:21:53,2020-06-17 11:25:21
1181,antonellacanal9,hannamaamo,390,2020-06-17 11:21:56,2020-06-17 11:25:21
1182,antonellacanal9,thecityofjules,390,2020-06-17 11:21:56,2020-06-17 11:25:21
1183,bertabelloso08,secpompeo,391,2020-06-17 11:21:59,2020-06-17 11:25:21
1184,bertabelloso08,m1628,391,2020-06-17 11:21:59,2020-06-17 11:25:21
1185,bertabelloso08,mre_bolivia,391,2020-06-17 11:21:59,2020-06-17 11:25:21
1186,bertabelloso08,itamaraty_es,391,2020-06-17 11:21:59,2020-06-17 11:25:21
1187,bertabelloso08,whaasstsecty,391,2020-06-17 11:21:59,2020-06-17 11:25:21
1188,bertabelloso08,mrwarmaker,391,2020-06-17 11:21:59,2020-06-17 11:25:21
1189,bertabelloso08,abogadosvenezu1,391,2020-06-17 11:21:59,2020-06-17 11:25:21
1190,bertabelloso08,josecolinap,391,2020-06-17 11:21:59,2020-06-17 11:25:21
1191,bertabelloso08,unioneuropea,391,2020-06-17 11:21:59,2020-06-17 11:25:21
1192,bertabelloso08,jguaido,391,2020-06-17 11:21:59,2020-06-17 11:25:21
1193,bertabelloso08,pabloaure,391,2020-06-17 11:21:59,2020-06-17 11:25:21
1194,bertabelloso08,antonio_tajani,391,2020-06-17 11:21:59,2020-06-17 11:25:21
1195,bertabelloso08,earisteguieta,391,2020-06-17 11:21:59,2020-06-17 11:25:21
1196,bertabelloso08,usaenespanol,391,2020-06-17 11:21:59,2020-06-17 11:25:21
1197,bertabelloso08,masagadi,391,2020-06-17 11:21:59,2020-06-17 11:25:21
1198,bertabelloso08,ruedalo,391,2020-06-17 11:21:59,2020-06-17 11:25:21
1199,bertabelloso08,yasmincnunez,391,2020-06-17 11:21:59,2020-06-17 11:25:21
1200,bertabelloso08,csanchezberzain,391,2020-06-17 11:21:59,2020-06-17 11:25:21
1201,bertabelloso08,marcorubio,391,2020-06-17 11:21:59,2020-06-17 11:25:21
1202,bertabelloso08,vp,391,2020-06-17 11:21:59,2020-06-17 11:25:21
1203,bertabelloso08,almagro_oea2015,391,2020-06-17 11:21:59,2020-06-17 11:25:21
1204,bertabelloso08,europarl_es,391,2020-06-17 11:21:59,2020-06-17 11:25:21
1205,bertabelloso08,cancilleriacol,391,2020-06-17 11:21:59,2020-06-17 11:25:21
1206,bertabelloso08,amezgravis,391,2020-06-17 11:21:59,2020-06-17 11:25:21
1207,bertabelloso08,pburelli,391,2020-06-17 11:21:59,2020-06-17 11:25:21
1208,bertabelloso08,boris_noguera,391,2020-06-17 11:21:59,2020-06-17 11:25:21
1209,bertabelloso08,miguelmartint1,391,2020-06-17 11:21:59,2020-06-17 11:25:21
1210,bertabelloso08,adrianavigi,391,2020-06-17 11:21:59,2020-06-17 11:25:21
1211,bertabelloso08,mreparaguay,391,2020-06-17 11:21:59,2020-06-17 11:25:21
1212,bertabelloso08,micarratu,391,2020-06-17 11:21:59,2020-06-17 11:25:21
1213,bertabelloso08,mrree_uruguay,391,2020-06-17 11:21:59,2020-06-17 11:25:21
1214,bertabelloso08,normara03,391,2020-06-17 11:21:59,2020-06-17 11:25:21
1215,bertabelloso08,venezuela_gana,391,2020-06-17 11:21:59,2020-06-17 11:25:21
1216,bertabelloso08,oliverlopezcano,391,2020-06-17 11:21:59,2020-06-17 11:25:21
1217,bertabelloso08,realdonaldtrump,391,2020-06-17 11:21:59,2020-06-17 11:25:21
1218,bertabelloso08,jagraterol2,391,2020-06-17 11:21:59,2020-06-17 11:25:21
1219,bertabelloso08,fraccionan16j,391,2020-06-17 11:21:59,2020-06-17 11:25:21
1220,bertabelloso08,usembassyve,391,2020-06-17 11:21:59,2020-06-17 11:25:21
1221,bukelenoticias,cancilleriasv,392,2020-06-17 11:22:02,2020-06-17 11:25:21
1222,bukelenoticias,nayibbukele,392,2020-06-17 11:22:02,2020-06-17 11:25:21
1223,tamminenjuha,_hugodeleon,393,2020-06-17 11:22:14,2020-06-17 11:25:21
1224,saitoonline,martinvizcarrac,394,2020-06-17 11:22:21,2020-06-17 11:25:21
1225,jmmeaurio,repollera,395,2020-06-17 11:22:25,2020-06-17 11:25:21
1226,bertabelloso08,almagro_oea2015,396,2020-06-17 11:22:38,2020-06-17 11:25:21
1227,bertabelloso08,europarl_es,396,2020-06-17 11:22:38,2020-06-17 11:25:21
1228,bertabelloso08,cancilleriacol,396,2020-06-17 11:22:38,2020-06-17 11:25:21
1229,bertabelloso08,amezgravis,396,2020-06-17 11:22:38,2020-06-17 11:25:21
1230,bertabelloso08,pburelli,396,2020-06-17 11:22:38,2020-06-17 11:25:21
1231,bertabelloso08,boris_noguera,396,2020-06-17 11:22:38,2020-06-17 11:25:21
1232,bertabelloso08,miguelmartint1,396,2020-06-17 11:22:38,2020-06-17 11:25:21
1233,bertabelloso08,adrianavigi,396,2020-06-17 11:22:38,2020-06-17 11:25:21
1234,bertabelloso08,mreparaguay,396,2020-06-17 11:22:38,2020-06-17 11:25:21
1235,bertabelloso08,micarratu,396,2020-06-17 11:22:38,2020-06-17 11:25:21
1236,bertabelloso08,mrree_uruguay,396,2020-06-17 11:22:38,2020-06-17 11:25:21
1237,bertabelloso08,normara03,396,2020-06-17 11:22:38,2020-06-17 11:25:21
1238,bertabelloso08,venezuela_gana,396,2020-06-17 11:22:38,2020-06-17 11:25:21
1239,bertabelloso08,oliverlopezcano,396,2020-06-17 11:22:38,2020-06-17 11:25:21
1240,bertabelloso08,realdonaldtrump,396,2020-06-17 11:22:38,2020-06-17 11:25:21
1241,bertabelloso08,jagraterol2,396,2020-06-17 11:22:38,2020-06-17 11:25:21
1242,bertabelloso08,fraccionan16j,396,2020-06-17 11:22:38,2020-06-17 11:25:21
1243,bertabelloso08,usembassyve,396,2020-06-17 11:22:38,2020-06-17 11:25:21
1244,bertabelloso08,secpompeo,396,2020-06-17 11:22:38,2020-06-17 11:25:21
1245,bertabelloso08,m1628,396,2020-06-17 11:22:38,2020-06-17 11:25:21
1246,bertabelloso08,mre_bolivia,396,2020-06-17 11:22:38,2020-06-17 11:25:21
1247,bertabelloso08,itamaraty_es,396,2020-06-17 11:22:38,2020-06-17 11:25:21
1248,bertabelloso08,whaasstsecty,396,2020-06-17 11:22:38,2020-06-17 11:25:21
1249,bertabelloso08,mrwarmaker,396,2020-06-17 11:22:38,2020-06-17 11:25:21
1250,bertabelloso08,abogadosvenezu1,396,2020-06-17 11:22:38,2020-06-17 11:25:21
1251,bertabelloso08,josecolinap,396,2020-06-17 11:22:38,2020-06-17 11:25:21
1252,bertabelloso08,unioneuropea,396,2020-06-17 11:22:38,2020-06-17 11:25:21
1253,bertabelloso08,jguaido,396,2020-06-17 11:22:38,2020-06-17 11:25:21
1254,bertabelloso08,pabloaure,396,2020-06-17 11:22:38,2020-06-17 11:25:21
1255,bertabelloso08,antonio_tajani,396,2020-06-17 11:22:38,2020-06-17 11:25:21
1256,bertabelloso08,earisteguieta,396,2020-06-17 11:22:38,2020-06-17 11:25:21
1257,bertabelloso08,usaenespanol,396,2020-06-17 11:22:38,2020-06-17 11:25:21
1258,bertabelloso08,masagadi,396,2020-06-17 11:22:38,2020-06-17 11:25:21
1259,bertabelloso08,ruedalo,396,2020-06-17 11:22:38,2020-06-17 11:25:21
1260,bertabelloso08,yasmincnunez,396,2020-06-17 11:22:38,2020-06-17 11:25:21
1261,bertabelloso08,csanchezberzain,396,2020-06-17 11:22:38,2020-06-17 11:25:21
1262,bertabelloso08,marcorubio,396,2020-06-17 11:22:38,2020-06-17 11:25:21
1263,bertabelloso08,vp,396,2020-06-17 11:22:38,2020-06-17 11:25:21
1264,dloartv,nayibbukele,397,2020-06-17 11:22:48,2020-06-17 11:25:21
1265,dloartv,cancilleriasv,397,2020-06-17 11:22:48,2020-06-17 11:25:21
1266,desarrollosv,cancilleriasv,398,2020-06-17 11:22:52,2020-06-17 11:25:21
1267,desarrollosv,cepasv,398,2020-06-17 11:22:52,2020-06-17 11:25:21
1268,desarrollosv,saludsv,398,2020-06-17 11:22:52,2020-06-17 11:25:21
1269,desarrollosv,miturelsalvador,398,2020-06-17 11:22:52,2020-06-17 11:25:21
1270,desarrollosv,migracion_sv,398,2020-06-17 11:22:52,2020-06-17 11:25:21
1271,desarrollosv,aacelsalvador,398,2020-06-17 11:22:52,2020-06-17 11:25:21
1272,agustin4493,revistalento,399,2020-06-17 11:22:56,2020-06-17 11:25:21
1273,agustin4493,gabrielquirici,399,2020-06-17 11:22:56,2020-06-17 11:25:21
1274,hugh2011,_hugodeleon,400,2020-06-17 11:22:57,2020-06-17 11:25:21
1275,agusdeleon02,elpaisuy,401,2020-06-17 11:23:03,2020-06-17 11:25:21
1276,parhas72,t24comtr,402,2020-06-17 11:23:04,2020-06-17 11:25:21
1277,mahur05,germanavilan,403,2020-06-17 11:23:31,2020-06-17 11:25:21
1278,mahur05,verocab,403,2020-06-17 11:23:31,2020-06-17 11:25:21
1279,mahur05,ricardopose1,403,2020-06-17 11:23:31,2020-06-17 11:25:21
1280,mahur05,meriparrado,403,2020-06-17 11:23:31,2020-06-17 11:25:21
1281,mahur05,leagrille,403,2020-06-17 11:23:31,2020-06-17 11:25:21
1282,mahur05,carasycaretasuy,403,2020-06-17 11:23:31,2020-06-17 11:25:21
1283,keanwemi,nayibbukele,404,2020-06-17 11:23:34,2020-06-17 11:25:21
1284,keanwemi,cancilleriasv,404,2020-06-17 11:23:34,2020-06-17 11:25:21
1285,mahur05,jorgewlarranaga,405,2020-06-17 11:23:42,2020-06-17 11:25:21
1286,mahur05,luislacallepou,405,2020-06-17 11:23:42,2020-06-17 11:25:21
1287,colorgallego,_hugodeleon,406,2020-06-17 11:23:47,2020-06-17 11:25:21
1288,hessrafael,_hugodeleon,407,2020-06-17 11:23:54,2020-06-17 11:25:21
1289,layamanuell,miss_demise,407,2020-06-17 11:23:54,2020-06-17 11:25:21
1290,layamanuell,soystef_x,407,2020-06-17 11:23:54,2020-06-17 11:25:21
1291,si_sicheng0,aishaxgh,408,2020-06-17 11:24:04,2020-06-17 11:25:21
1292,si_sicheng0,granhermano_gh,408,2020-06-17 11:24:04,2020-06-17 11:25:21
1293,javierisis,sebabauza61,409,2020-06-17 11:24:17,2020-06-17 11:25:21
1294,javierisis,robertsilva1971,409,2020-06-17 11:24:17,2020-06-17 11:25:21
1295,javierisis,anep_uruguay,409,2020-06-17 11:24:17,2020-06-17 11:25:21
1296,1javiera,galicia_casa,410,2020-06-17 11:24:26,2020-06-17 11:25:21
1297,joselurduy,roybarreras,411,2020-06-17 11:24:28,2020-06-17 11:25:21
1298,disidenciasred,disidenciasred,412,2020-06-17 11:24:32,2020-06-17 11:25:21
1299,disidenciasred,colmedchile,412,2020-06-17 11:24:32,2020-06-17 11:25:21
1300,justicierotrico,_hugodeleon,413,2020-06-17 11:24:56,2020-06-17 11:25:21
1301,keanwemi,cepasv,414,2020-06-17 11:25:18,2020-06-17 11:25:21
1302,keanwemi,saludsv,414,2020-06-17 11:25:18,2020-06-17 11:25:21
1303,keanwemi,miturelsalvador,414,2020-06-17 11:25:18,2020-06-17 11:25:21
1304,keanwemi,migracion_sv,414,2020-06-17 11:25:18,2020-06-17 11:25:21
1305,keanwemi,cancilleriasv,414,2020-06-17 11:25:18,2020-06-17 11:25:21
1306,keanwemi,aacelsalvador,414,2020-06-17 11:25:18,2020-06-17 11:25:21
1307,j_aangelvill1,carbajalsebas,415,2020-06-17 11:25:20,2020-06-17 11:25:21
1308,lucho14martinez,mec_uruguay,416,2020-06-17 11:25:21,2020-06-17 11:25:21
1309,lucho14martinez,alfieisaac,416,2020-06-17 11:25:21,2020-06-17 11:25:21
1310,lucho14martinez,mtopuy,416,2020-06-17 11:25:21,2020-06-17 11:25:21
1311,lucho14martinez,luislacallepou,416,2020-06-17 11:25:21,2020-06-17 11:25:21
